ID,Origin,Destination,ServiceType,BrandClass,Via,DepartureTime24h,Source,BatchID
1d41c2f1-c9cb-402b-a5a3-f911eb56d896,Banavara,Shivamogha,,,,00:00,,BANAVARA
f7d1da9b-9145-41bc-8bfd-bb22ac9b5cbd,Banavara,Mysore,,,,00:05,,BANAVARA
ff9c4ced-2343-4671-a130-d768d5fd41be,Banavara,Sagar,,,,00:05,,BANAVARA
62b284e3-bc80-4f2e-81fc-1a3e0ced3915,Banavara,Thirupathi,,,,00:10,,BANAVARA
2c04cb6a-3a65-479c-8c1c-9b1a6ed33189,Banavara,Bengaluru,,,,00:15,,BANAVARA
b28f77aa-2dcd-4661-92bd-d4e8df2f06e8,Banavara,Mysore,,,,00:20,,BANAVARA
3fdc2b06-4e56-4342-84d0-92b4f9917acd,Banavara,Madikeri,,,,00:20,,BANAVARA
ce087483-fa94-4f69-b59d-c71f0b1317dd,Banavara,Shivamogha,,,,00:25,,BANAVARA
a55f4dc2-fe5a-40bc-b83a-cf6a1e76f494,Banavara,Bengaluru,,,,00:25,,BANAVARA
f43e57a7-b3c7-4a3e-b25e-de26cf48332c,Banavara,Bengaluru,,,,00:30,,BANAVARA
aa5e0ce5-fa92-41de-a78c-d7e019678315,Banavara,Chinthamani,,,,00:35,,BANAVARA
bc2e33c2-773d-4aaa-8332-ca6504cb94ea,Banavara,Kundapura,,,,00:35,,BANAVARA
89e7f663-7682-4630-a259-91472d885e2e,Banavara,Bengaluru,,,,00:40,,BANAVARA
ce80aed1-8dd2-4273-8a15-ea10f625c06a,Banavara,Bengaluru,,,,00:45,,BANAVARA
6e0ebb48-6375-4162-947f-1ff3b339327a,Banavara,Sagar,,,,00:45,,BANAVARA
47ba1961-5f07-4920-978c-9f39a66c2014,Banavara,Mysore,,,,00:45,,BANAVARA
02e92fed-becf-4b88-820a-8bb0179feeab,Banavara,Bengaluru,,,,00:50,,BANAVARA
674082e7-f33e-4b33-aac0-e3dc95c565c1,Banavara,Shivamogha,,,,00:55,,BANAVARA
dba80bf1-9181-41bf-845b-4393c6310125,Banavara,Sagar,,,,00:55,,BANAVARA
ca9dff94-b4cd-441f-9910-877ce88cbdde,Banavara,Madikeri,,,,01:00,,BANAVARA
47f6069d-e731-4667-9911-73763daeaf21,Banavara,H.d.kote,,,,01:05,,BANAVARA
c06c27bf-1e79-4cd8-9f06-e9ca39c3b0d1,Banavara,Bengaluru,,,,01:05,,BANAVARA
a4ec022a-ba78-4a34-9d6f-217b93936390,Banavara,Sagar,,,,01:15,,BANAVARA
ffee429d-fb6d-4117-9930-bf9e040dd3d4,Banavara,Bengaluru,,,,01:30,,BANAVARA
5ad6eab3-256f-4aeb-acfd-73fa083ccd81,Banavara,Sagar,,,,01:30,,BANAVARA
a86462bd-80d9-4e41-a09f-db00f0001bfe,Banavara,Bengaluru,,,,01:35,,BANAVARA
844af9aa-2a86-4f16-974d-66211cc3f376,Banavara,Yallapura,,,,01:35,,BANAVARA
e63d80fb-4911-444f-9388-261d9f369fb2,Banavara,Bengaluru,,,,01:40,,BANAVARA
37e3a6fc-dc4f-4883-bdec-9125c6565a08,Banavara,Sagar,,,,01:45,,BANAVARA
68d17a4e-74fb-4b83-bd56-070d1cf76080,Banavara,Sagar,,,,01:50,,BANAVARA
10357854-08e6-427c-9293-dd1e9f13b801,Banavara,Srinivasapura,,,,01:55,,BANAVARA
2126e054-a7f9-4c86-b6a3-336160b40a97,Banavara,Bengaluru,,,,01:55,,BANAVARA
197faa97-bdb7-4176-8893-f8994f50c166,Banavara,Shivamogha,,,,01:55,,BANAVARA
2ba2aed2-c47e-4cfd-ad04-419e6e0d6b79,Banavara,Mysore,,,,02:05,,BANAVARA
e1e18aa5-b4a3-4ee3-8e2a-fcd948a1a452,Banavara,Bengaluru,,,,02:05,,BANAVARA
291e6bc2-ad29-441e-a07e-3ac5333f8f37,Banavara,Malur,,,,02:05,,BANAVARA
28291aa3-19b5-4e18-8ae8-eb8458086a60,Banavara,Sagar,,,,02:10,,BANAVARA
e37df4df-e47a-4c0f-8270-eb7b1c9cb00a,Banavara,Sagar,,,,02:15,,BANAVARA
0442f3c5-5db8-4c1f-bc67-a805096863ae,Banavara,Sringeri,,,,02:15,,BANAVARA
bc0c30ad-8860-4eeb-bce8-b6f55bdefa2a,Banavara,Shivamogha,,,,02:20,,BANAVARA
55d64c09-cf06-4e83-bea9-848e040bbcc9,Banavara,Avanthi,,,,02:30,,BANAVARA
46ec46ac-5691-48c8-9c1f-0c62bed9f6db,Banavara,Bengaluru,,,,02:25,,BANAVARA
fa3fb0eb-26eb-4715-a3cb-eeb56c64fb87,Banavara,Shivamogha,,,,02:25,,BANAVARA
3506afc0-5ae6-4025-ba74-8b37beea7b07,Banavara,Gowribidanur,,,,02:30,,BANAVARA
e3e90bd1-745a-4ac8-bd24-d51cf0a9ccb5,Banavara,Honnali,,,,02:35,,BANAVARA
b2a465c0-5588-4434-b886-03d4d27afc9a,Banavara,Siganduru,,,,02:35,,BANAVARA
b4a52e6e-0f6b-4770-8c34-41f5894ceeaf,Banavara,Shivamogha,,,,02:40,,BANAVARA
0515187d-9898-44af-8123-61b4e568b24c,Banavara,Huncha,,,,02:45,,BANAVARA
544fa8a9-69d9-403e-9b2d-f351a06d83c9,Banavara,Siganduru,,,,02:45,,BANAVARA
cdd5bc3b-599a-4ecf-97ae-18a7c6286873,Banavara,Mysore,,,,02:55,,BANAVARA
bbc6df37-0de6-4f6a-a245-1094ddd961a4,Banavara,Kumta,,,,03:00,,BANAVARA
f1503a06-895a-4978-86d5-24b5811d61fa,Banavara,Mysore,,,,03:05,,BANAVARA
bb469c69-57be-4fe6-8a5b-605d727e499e,Banavara,Bengaluru,,,,03:05,,BANAVARA
7881643f-35ba-4b39-80c4-7adedab60e96,Banavara,Shivamogha,,,,03:05,,BANAVARA
b7c42333-ae54-42b1-8e10-eca03c60ade8,Banavara,Bengaluru,,,,03:10,,BANAVARA
058b4c1b-41ea-40ed-ad0f-4b174f8c8d08,Banavara,Shivamogha,,,,03:10,,BANAVARA
f4be8fc9-387c-4c59-979e-ff016864d7f3,Banavara,Shivamogha,,,,03:15,,BANAVARA
d1f0853c-0008-48aa-8114-ac403fe908ea,Banavara,Sagara,,,,03:20,,BANAVARA
5aa2c997-1b02-4ffc-a00a-a24b936ccd95,Banavara,Shivamogha,,,,03:25,,BANAVARA
590abebb-ad17-4c79-9dcb-0fba21eb06f1,Banavara,Shivamogha,,,,03:30,,BANAVARA
5d0407ac-4cc2-4b65-992e-20f4bab32bb2,Banavara,Hassan,,,,03:35,,BANAVARA
f3cd36f7-5144-414e-bdd9-b3db877a852f,Banavara,Davangere,,,,03:35,,BANAVARA
00ccd117-da97-4dd0-a0b5-e4f45337b03c,Banavara,Shivamogha,,,,03:40,,BANAVARA
d8069215-811b-4eed-b6bd-44db5ae15332,Banavara,Shivamogha,,,,03:45,,BANAVARA
1e46f3bc-eae3-469b-8bf9-eda488419112,Banavara,Shivamogha,,,,03:50,,BANAVARA
14861299-3db6-4973-890b-95796c89d4c6,Banavara,Shivamogha,,,,03:55,,BANAVARA
4a39838b-b74c-480c-879f-017653a87bc4,Banavara,Harihara,,,,04:00,,BANAVARA
80b6925e-1524-489a-a60c-3e4b8d20395f,Banavara,Shivamogha,,,,04:00,,BANAVARA
d6ca1c17-a257-4158-9727-4c9c73e91ed6,Banavara,Mysore,,,,04:05,,BANAVARA
87a2cf43-be92-46c0-9f9a-0f8afa75f5ee,Banavara,Bengaluru,,,,04:05,,BANAVARA
5aaa9ecf-f125-473e-b77d-d14e1d57f7fe,Banavara,Shivamogha,,,,04:15,,BANAVARA
40bf91a6-63b9-4420-9a3c-7c508ea0c069,Banavara,Bengaluru,,,,04:25,,BANAVARA
37a1db08-3001-4567-a971-e0be7f7a6232,Banavara,Shivamogha,,,,04:25,,BANAVARA
489b7e8b-bd9e-4410-b323-59a538fba14a,Banavara,Somanalli,,,,04:30,,BANAVARA
356064c8-609e-45e2-9160-3b60d906cdbd,Banavara,Bengaluru,,,,04:40,,BANAVARA
7f7299ad-4979-4f0c-a7f6-82eee4706406,Banavara,Bengaluru,,,,04:50,,BANAVARA
59438c5b-ff30-41d5-99a8-f9a015af245f,Banavara,Mysore,,,,05:00,,BANAVARA
0dcbd5b1-7f6e-4092-9737-cc626ea95dc6,Banavara,Mysore,,,,05:05,,BANAVARA
8ec76cb4-380f-4a80-88ae-1d43405d27a2,Banavara,Bengaluru,,,,05:15,,BANAVARA
9773b8b2-2cb8-4a19-9dc1-743266737e6f,Banavara,Bengaluru,,,,05:20,,BANAVARA
212b9ffa-2ba7-4783-ad1b-f6fc4eb43a45,Banavara,Shivamogha,,,,05:20,,BANAVARA
b313e665-6804-4fa8-a684-40c5b6beea60,Banavara,Hassan,,,,05:25,,BANAVARA
9006e7b9-460e-4bf5-a255-19a9cf288454,Banavara,Shivamogha,,,,05:35,,BANAVARA
631c75a3-4084-4f1f-9847-eeadb83b2b51,Banavara,Sakaleshapura,,,,05:45,,BANAVARA
ba598866-862b-4170-a6e8-78bb7cba9fce,Banavara,Bengaluru,,,,05:45,,BANAVARA
dfaa7b84-ec74-415e-8f7c-90112c2baed8,Banavara,Belur,,,,05:50,,BANAVARA
46ac5053-f792-4f33-9ac0-e043feec9572,Banavara,Mysore,,,,05:50,,BANAVARA
4b380ec5-9166-40c8-8f89-bf767401ea0b,Banavara,Gajendragada,,,,05:50,,BANAVARA
6b3ead41-8176-46d5-b85c-c5751bf46101,Banavara,Bengaluru,,,,06:15,,BANAVARA
8fb68000-ef87-49e6-8f02-79c9ef2fe869,Banavara,Bengaluru,,,,06:20,,BANAVARA
eef2d5b3-e70c-4115-ac01-59fccd01ce82,Banavara,Shivamogha,,,,06:20,,BANAVARA
bc968a75-598d-4b7c-a251-55b54223dc78,Banavara,Bengaluru,,,,06:25,,BANAVARA
171ad9c7-04e5-4156-8a32-18566986ef7b,Banavara,Malur,,,,06:25,,BANAVARA
7c665e14-5eb8-4744-ae9a-28736baef743,Banavara,Chikkamagaluru,,,,06:30,,BANAVARA
a3067746-160e-4c4a-86b3-5840c6479226,Banavara,Panchanahalli,,,,06:30,,BANAVARA
ed1ec5c4-d1bc-48f6-8927-0a2865519a59,Banavara,Mysore,,,,06:35,,BANAVARA
0c9e82f7-9d54-4c28-82f9-a590e28a11d3,Banavara,Bengaluru,,,,06:35,,BANAVARA
b2af1dc0-d33b-49d8-b14d-9278141ea807,Banavara,F.g.f,,,,06:35,,BANAVARA
5ed84d18-9007-4f6f-a52b-b467b2dda841,Banavara,Shivamogha,,,,06:40,,BANAVARA
f2e23a61-d8f9-414d-9630-34b8aacd1628,Banavara,Belur,,,,06:45,,BANAVARA
59d2883e-608f-43e9-b3a9-8bf97801dd87,Banavara,Chikkamagaluru,,,Lingadalli; Nrgd,07:00,,BANAVARA
14545ae2-8b61-4ce1-b22c-a5bbf5f4ce21,Banavara,Shivamogha,,,,07:00,,BANAVARA
cb130364-16d2-4d44-a64f-3563d7d41345,Banavara,Mysore,,,,07:05,,BANAVARA
4a083fb4-3d7c-4539-ad8c-9f3f2e1071f0,Banavara,Belur,,,,07:15,,BANAVARA
04ab2004-aa64-4863-b633-7eb62eaace9e,Banavara,Chikkamagaluru,,,,07:15,,BANAVARA
d3a86571-94c6-401f-b70d-35e235426ae3,Banavara,Hosadurga,,,,07:15,,BANAVARA
2db201ca-ca5d-4d72-b3d3-a55499cb692b,Banavara,Shivamogha,,,,07:15,,BANAVARA
1ff8357a-1da1-4370-8ca7-b0bc7bcbe489,Banavara,Bengaluru,,,,07:20,,BANAVARA
61bd31c7-d3b8-4e29-83b7-3c0bd206c32e,Banavara,Hunsur,Express,,,07:20,,BANAVARA
a010f5a0-edb4-402d-a851-a24d910ed3ea,Banavara,Bengaluru,,,,07:25,,BANAVARA
31dc0d49-881c-4b02-bcc7-f3e3b1f91d27,Banavara,Arsikere,,,,07:30,,BANAVARA
8f12f3e7-4255-4508-954a-736edb38c33c,Banavara,Mysore,,,,07:35,,BANAVARA
a99779fb-1095-4e1e-9d89-ccaa2abd9187,Banavara,Mandya,,,,07:40,,BANAVARA
ae626e08-813b-4398-8a79-0e82ea1d35f2,Banavara,Srinivasapura,,,,07:40,,BANAVARA
5b1779fa-050a-493c-ad3d-8fe74f72e584,Banavara,Arsikere,,,,07:40,,BANAVARA
8429bfa2-5684-4ce1-8548-d1c8d5dc2de1,Banavara,Belur,,,,07:45,,BANAVARA
9e058ebd-6868-4d27-99fb-abf9e8229c30,Banavara,Panchanahalli,,,,07:45,,BANAVARA
e8ef3769-da9b-4d75-a20d-7819b3fa8819,Banavara,Shivamogha,,,,07:50,,BANAVARA
66607a80-e4ea-429e-b32f-98fd83e510b8,Banavara,Yallaburga,,,,07:50,,BANAVARA
78001e3a-faf0-40f1-b340-49ceaebfb410,Banavara,Chikkamagaluru,,,,08:00,,BANAVARA
a4bacba9-1700-444a-b97b-4bd9255bf5a5,Banavara,Shivamogha,,,,08:00,,BANAVARA
8c3528a5-5210-49c6-875e-a6fe0ed0dd22,Banavara,Hassan,,,,08:00,,BANAVARA
f0f62805-dce2-4128-8298-4c79f3f061fe,Banavara,Bengaluru,,,,08:05,,BANAVARA
67d76ad2-bf13-4222-9c0e-83403c61b6ab,Banavara,Shivamogha,,,,08:05,,BANAVARA
69619bd6-94e1-460d-a91b-bd5ae9341dfc,Banavara,Bengaluru,,,,08:10,,BANAVARA
24c92b85-5287-454f-a983-79e062a90de8,Banavara,Arsikere,,,,08:15,,BANAVARA
e22aba80-0a14-416d-8b87-2fa909cbe6ff,Banavara,Chithradurga,,,,08:15,,BANAVARA
3133347b-589f-4003-a502-bd8555dfe08b,Banavara,Hassan,,,,08:15,,BANAVARA
33b94f82-ebb7-4f93-b00e-6b7a415836fc,Banavara,Bengaluru,,,,08:15,,BANAVARA
97d7f25e-ce1c-4a53-936f-32fc05b549cb,Banavara,Nanjanagudu,,,,08:15,,BANAVARA
3dc0a946-d928-427f-96d8-468a36c96e74,Banavara,Mysore,,,,08:20,,BANAVARA
867dd471-6fac-46a5-93e3-e852ef65f3ae,Banavara,Bengaluru,,,,08:20,,BANAVARA
10bf185c-3c6f-4760-9f45-17931e3dbdf5,Banavara,Shivamogha,,,,08:20,,BANAVARA
cbb89e37-f827-4a0e-afdc-752c842940ef,Banavara,Bengaluru,,,,08:25,,BANAVARA
4ff972f9-34f1-40e3-8f47-5bdf4218ccad,Banavara,Shivamogha,,,,08:25,,BANAVARA
27913893-7d61-4f10-b53e-2da1b426755f,Banavara,Kengurubarahatti,,,,08:30,,BANAVARA
b59fae30-180e-4808-b6b5-a5be3f47590e,Banavara,Belur,,,,08:30,,BANAVARA
823ed31e-34d4-45ce-b256-8e3888c6395a,Banavara,Chikkamagaluru,,,,08:30,,BANAVARA
f8a08c90-4fdc-4c6f-815f-0253871261cd,Banavara,Yagatipura,,,,08:30,,BANAVARA
00b94c3a-88b8-4858-963b-c8cbbbc0eb24,Banavara,Bengaluru,,,,08:30,,BANAVARA
382e0226-318b-4033-ba1e-820245ffced1,Banavara,Nerlige,,,,08:30,,BANAVARA
468871ed-776c-4f85-9f46-9521f9ef6daf,Banavara,Mysore,,,,08:35,,BANAVARA
1c2a8813-48eb-4c34-9945-bf15a6059d32,Banavara,Bengaluru,,,,08:35,,BANAVARA
feb439a3-4be3-42b6-b4c3-af21acdbd827,Banavara,Gadag,,,,08:35,,BANAVARA
a78433b0-1e6f-4ac6-88a4-b0e2905e7580,Banavara,Channapatna,,,,08:40,,BANAVARA
2d54c120-74e3-4a40-8183-53c2a8dfefb0,Banavara,Arsikere,,,,08:45,,BANAVARA
8e7028a5-204d-4b80-a060-26ca14f8513d,Banavara,Bengaluru,,,,08:45,,BANAVARA
6e7e6f38-f7d0-4704-9b15-69a5bfd8d5d6,Banavara,Shivamogha,,,,08:45,,BANAVARA
70d2e4bd-9317-4424-a32e-8d7f0a35443a,Banavara,Chinya,,,,08:50,,BANAVARA
e982a96b-4cfa-47a3-8322-65c8c886bb11,Banavara,Mulabagilu,,,,08:50,,BANAVARA
341665ce-09fb-4fc9-af78-4f38fe327c33,Banavara,K.g.f,,,,08:50,,BANAVARA
775c0cb7-b00a-405a-8a9d-9f34f9fa0330,Banavara,Gangavathi,,,,08:50,,BANAVARA
cacf67ab-dc93-485c-ae2d-079c7a424403,Banavara,Hassan,,,,09:00,,BANAVARA
badd5e84-c801-4367-8586-92c918e399db,Banavara,Bengaluru,,,,09:05,,BANAVARA
8430693e-4546-4779-aa1d-494013649178,Banavara,Shivamogha,,,,09:10,,BANAVARA
763c063b-cb5d-40b0-8d51-79785593552d,Banavara,Belur,,,,09:15,,BANAVARA
90285afd-03a7-4959-91a9-89a258123418,Banavara,Chikkamagaluru,,,,09:15,,BANAVARA
168fb475-0ebb-4edc-b5dc-c4999985df50,Banavara,Panchanahalli,,,,09:15,,BANAVARA
96640dba-db2c-451a-a87f-55884a1a871e,Banavara,Bengaluru,,,,09:25,,BANAVARA
47255075-298a-4204-8beb-a7c1f6c5b30a,Banavara,Shivamogha,,,,09:25,,BANAVARA
5f8a2ef3-366c-42fc-9a0c-6ce9175495b9,Banavara,Belur,,,,09:30,,BANAVARA
5ab85cbc-63a0-4c3c-8ec6-dcea40fa554d,Banavara,Arsikere,,,,09:30,,BANAVARA
20fa181e-29f6-4bce-bc98-80a20cf06fa6,Banavara,Chithradurga,,,,09:30,,BANAVARA
76e73464-cb75-4208-b875-8a6a16e816ac,Banavara,Sakarayapatna,,,,09:30,,BANAVARA
b9df7e7f-ee9d-4dce-8e84-12e81844b60b,Banavara,Ooty,,,,09:35,,BANAVARA
d96faceb-d501-4ef9-8eaf-92544beb7cf2,Banavara,Sanduru,,,,09:35,,BANAVARA
3dcc8075-4b43-41c5-b8dc-1522ad25fc05,Banavara,Batkala,,,,09:35,,BANAVARA
f4d1d3e6-b90b-4020-bc97-a5505b85ac7e,Banavara,Shivamogha,,,,09:40,,BANAVARA
086869e9-bf49-4c8a-8da1-973aa30c913d,Banavara,Chikkamagaluru,,,,09:45,,BANAVARA
403cb1b4-7b7b-40d3-972c-f8ba7be48c1b,Banavara,Yagatipura,,,,09:45,,BANAVARA
48332dc8-967f-4f48-bb26-a60fc7f6e208,Banavara,Belur,,,,09:45,,BANAVARA
f5174c68-eb33-4583-9157-18259b153794,Banavara,K.g.f,,,,09:45,,BANAVARA
bc1b445c-dd49-485f-87b7-cbfa9bb08970,Banavara,Hirekeruru,,,,09:45,,BANAVARA
f9f94a3f-07a6-47ab-bab7-3b9683c70c77,Banavara,Shivamogha,,,,09:50,,BANAVARA
bd219f3b-2539-48a2-bd40-5a190c1850b8,Banavara,Mysore,,,,09:50,,BANAVARA
f7a8a934-c539-427a-beb2-ad69fffaf61c,Banavara,Bengaluru,,,,09:55,,BANAVARA
49f3704c-674b-4852-8a5e-3d4ab159dcb3,Banavara,Mulabagilu,,,,09:55,,BANAVARA
784ccffa-f8fc-4a8e-b594-ea717edf099d,Banavara,Hubballi,,,,09:55,,BANAVARA
f33f7283-d577-4c15-bd4a-eaae11dd0184,Banavara,Panchanahalli,,,,10:00,,BANAVARA
0f0eda44-bf00-414a-94ca-487866911f1c,Banavara,Belur,,,,10:00,,BANAVARA
3f44ab75-2f1b-4a5e-b18d-9e0bae4a2549,Banavara,Mallagatta,,,,10:00,,BANAVARA
a978bc20-6652-449a-bb58-98753c6df463,Banavara,Shivamogha,,,,10:00,,BANAVARA
bcbdfe25-bd02-4011-a355-25f7c5a32004,Banavara,Bengaluru,,,,10:00,,BANAVARA
7d91fd60-91c6-4f93-9585-268647383c36,Banavara,Bengaluru,,,,10:05,,BANAVARA
60924138-3e74-460a-9057-0ff9bf95863f,Banavara,Mysore,,,,10:05,,BANAVARA
1d7878b8-5ca0-4fdd-b310-ed1ed4f371e8,Banavara,Shivamogha,,,,10:05,,BANAVARA
762fcad3-946f-4863-9c3b-96be604b28e3,Banavara,Kumndapura,,,,10:10,,BANAVARA
9d838d43-0348-4d5c-b483-56b3be04a0ba,Banavara,Chikkamagaluru,,,,10:15,,BANAVARA
e44fa6a7-12ee-4128-a3ad-ea5a8d116112,Banavara,Hosadurga,,,,10:15,,BANAVARA
6ad5eb71-e980-4f6d-b310-2cbe0cfc953e,Banavara,Arsikere,,,,10:15,,BANAVARA
0d873699-44e5-40fd-b58d-7ee035166719,Banavara,Belur,,,,10:15,,BANAVARA
5ae96ebb-a17e-44ee-8579-c5b338bb4a49,Banavara,Yallapura,,,,10:15,,BANAVARA
e65e7040-5c5c-4d8a-8c4f-577814c3e577,Banavara,Bengaluru,,,,10:20,,BANAVARA
936d9183-1098-493f-a747-0077c79777f4,Banavara,Shivamogha,,,,10:20,,BANAVARA
5fc70efe-5870-4eb2-9327-afdcef8de79a,Banavara,Hubballi,,,,10:20,,BANAVARA
37e6f27b-e0b4-4587-a7cf-2877b0bf685a,Banavara,Belur,,,,10:30,,BANAVARA
adb2fe10-6431-44ad-b726-93176b23aa73,Banavara,Chithradurga,,,,10:30,,BANAVARA
d645ca26-d85d-44d7-ad99-79abe3c02748,Banavara,Hassan,,,,10:30,,BANAVARA
3ff152f1-0cfe-4b1b-8a50-ef597f5c76d7,Banavara,Shivamogha,,,,10:35,,BANAVARA
6b26c3c2-4fd7-4df9-a5da-95af13a018dc,Banavara,Bengaluru,,,,10:35,,BANAVARA
354aa24d-8318-4465-96e9-1271df5b094b,Banavara,Mulabagilu,,,,10:35,,BANAVARA
9fcd18e0-df3a-4fbe-b1ea-245106d86f34,Banavara,Bengaluru,,,,10:40,,BANAVARA
8ea3025c-d124-4df1-b4ec-c4311add4050,Banavara,Shivamogha,,,,10:40,,BANAVARA
4b7c8d45-95e0-4145-bbc9-8f3332984c4a,Banavara,Batkala,,,,10:40,,BANAVARA
00f19b5a-d489-4b08-9484-d4f7343ca7b2,Banavara,Hosapete,,,,10:40,,BANAVARA
8373fbab-087c-48db-b144-75ec216d2fe7,Banavara,Belur,,,,10:45,,BANAVARA
b314a441-ea1e-4071-b557-4422134855f5,Banavara,Mysore,,,,10:50,,BANAVARA
b0269ed9-7804-4d0a-8f5c-dac323d58ab5,Banavara,Davangere,,,,10:50,,BANAVARA
e7904cdb-f880-4a9b-bd0f-caf4cdf5697a,Banavara,Yallapura,,,,10:50,,BANAVARA
3ca47fde-9cc6-418f-9700-d6252b881a35,Banavara,Chikkamagaluru,,,,11:00,,BANAVARA
64838722-33d8-49f7-8b41-292e32c92833,Banavara,Panchanahalli,,,,11:00,,BANAVARA
5230f63c-52fb-4387-b5a7-5428ed8277f6,Banavara,Madikeri,,,,11:00,,BANAVARA
20dc3432-5528-4352-8c3e-2d186af40fb0,Banavara,Belur,,,,11:00,,BANAVARA
f5f09d51-a816-4fc7-a8e0-86553b49ab43,Banavara,Mysore,,,,11:05,,BANAVARA
204851f1-0af5-4167-9152-ee0e14d58750,Banavara,Bengaluru,,,,11:05,,BANAVARA
d8924f73-ebaa-47bd-a80b-c994a225ce9c,Banavara,Shivamogha,,,,11:05,,BANAVARA
272ec5eb-f055-4832-9e90-d5d3d703eb5d,Banavara,Bengaluru,,,,11:10,,BANAVARA
ac971265-c6a7-49c8-9344-7842b74a7e43,Banavara,Mysuru,,,,11:15,,BANAVARA
d5507d53-f1a7-467d-a9eb-991f05f54365,Banavara,Belur,,,,11:15,,BANAVARA
6f81f9d0-64de-4030-930b-c4421882067e,Banavara,Shivamogha,,,,11:15,,BANAVARA
aefd041c-1a92-413c-b0b5-bc3ca5cf249d,Banavara,Kundapura,,,,11:15,,BANAVARA
fea49b65-8618-4919-9d3f-535ea34ae420,Banavara,Bengaluru,,,,11:20,,BANAVARA
994f2973-e2db-48b6-9e4f-03f87e59fe6e,Banavara,Belur,,,,11:30,,BANAVARA
af43ce2b-6f33-4e80-bc73-a9f353c965e5,Banavara,Mysore,,,,11:20,,BANAVARA
90d15323-a1f0-4f2e-8ad0-ef691838fb6e,Banavara,Hosapete,,,,11:20,,BANAVARA
ff796c05-20d3-4e2c-a8a0-4dbef8b04ae3,Banavara,Panchanahalli,,,,11:30,,BANAVARA
d464d209-fe5f-40c1-84dd-c315e169ae4a,Banavara,Chikkamagaluru,,,,11:30,,BANAVARA
e7bd03ed-48fb-4c00-8e1e-57dddf6877e8,Banavara,Arsikere,,,,11:30,,BANAVARA
4a5aa8dd-241a-4c39-af6b-e94ac8a74fb5,Banavara,Hassan,,,,11:30,,BANAVARA
195b522e-b122-4d03-91bf-00a02bc32dd2,Banavara,Bengaluru,,,,11:35,,BANAVARA
b137d352-bd96-45ec-8385-c2391f82d115,Banavara,Shivamogha,,,,11:35,,BANAVARA
c1bebfd2-06e3-4e94-be77-eb466769c2a3,Banavara,Kundapura,,,,11:35,,BANAVARA
1e4419c2-78e3-430a-aabe-3b91f8a791e6,Banavara,Belur,,,,11:45,,BANAVARA
f94d428a-8441-450b-9b2d-c94e07aebe40,Banavara,Arsikere,,,,11:45,,BANAVARA
db3c6270-6ad0-418a-ba9b-9994f5244b17,Banavara,Chithradurga,,,,11:45,,BANAVARA
267c072d-b97d-4dce-ab20-a3313c776b1e,Banavara,Mysore,,,,11:50,,BANAVARA
1df86ca5-0ad3-43a0-b5f7-68421f2603c9,Banavara,Bengaluru,,,,11:50,,BANAVARA
2ad132e4-0735-4f49-8e49-b00dc83d1b52,Banavara,Shivamogha,,,,11:50,,BANAVARA
f1488611-c29c-48d4-b252-1072fb244633,Banavara,Batkala,,,,11:50,,BANAVARA
39b6721d-4d39-4a62-87f0-45ce536d38ba,Banavara,Madikeri,,,,11:55,,BANAVARA
464be219-a3bf-48ca-91cb-61774f72f1c1,Banavara,M.betta,,,,11:55,,BANAVARA
7abf8f8f-31ce-42b5-b216-f2b33dcfcc0a,Banavara,Bengaluru,,,,11:55,,BANAVARA
1e6e2485-a90c-4e1e-9742-60e3d3858d6a,Banavara,Chikkamagaluru,,,,12:00,,BANAVARA
e43cbbec-7e7f-4363-a87b-29ec2202bc00,Banavara,Belur,,,,12:00,,BANAVARA
49d2de33-5dbc-4cf5-8f67-36d0267a9f28,Banavara,Bengaluru,,,,12:00,,BANAVARA
75c6ce6a-b5f7-45fe-b0c3-6aa092b24ebf,Banavara,Hosadurga,,,,12:00,,BANAVARA
71061d4e-dfad-4119-9311-d9072c1ab978,Banavara,Hangal,,,,12:05,,BANAVARA
8456c743-cba4-4c3c-9e90-7facd11bc122,Banavara,Bengaluru,,,,12:05,,BANAVARA
3a30b907-6924-400f-86d2-9ae7b94dd7d2,Banavara,Bengaluru,,,,12:10,,BANAVARA
6e3fcf4f-0636-4cd2-8e74-455c750b8b41,Banavara,Davangere,,,,12:10,,BANAVARA
d7fd5281-594e-4897-9edb-e41e115f2d0b,Banavara,Bengaluru,,,,12:15,,BANAVARA
187a6c20-d1f5-43c2-9308-4275dd779896,Banavara,Hubballi,,,,12:15,,BANAVARA
be205b0b-f981-4e3c-945a-514eaed45c31,Banavara,Belur,,,,12:15,,BANAVARA
78fa1596-5fc6-40ae-af6d-4fd9f83cbf97,Banavara,Hassan,,,,12:20,,BANAVARA
f69fe4f7-6325-4756-90d4-15308c16b2cd,Banavara,Bengaluru,,,,12:20,,BANAVARA
ef20b9b0-a2c6-4077-a2bd-837c09486d20,Banavara,Kumta,,,,12:20,,BANAVARA
9f83ac6b-7b28-48b9-b1c4-e6ffc61816bd,Banavara,Kolar,,,,12:25,,BANAVARA
957a6d62-ddd5-4842-9db4-ac109865fb37,Banavara,Bengaluru,,,,12:25,,BANAVARA
75728cb6-c429-4f28-ae2f-896d9c061e17,Banavara,Belur,,,,12:30,,BANAVARA
95d501b7-1f80-4a55-8bd0-bce101200e47,Banavara,Madikeri,,,,12:30,,BANAVARA
10e8d26f-6454-4379-b3cb-c77254833035,Banavara,Chithradurga,,,,12:30,,BANAVARA
b3f6f5a0-32d1-443f-a892-cd3fe05c6faf,Banavara,Hassan,,,,12:30,,BANAVARA
7401dd04-e10c-4334-82c7-443e538394f3,Banavara,Gowribidanur,,,,12:35,,BANAVARA
3333115a-d397-4505-bf9a-2c1309fca1bd,Banavara,Bhadravathi,,,,12:35,,BANAVARA
4dbf9015-6c23-41c4-840b-10540b16321e,Banavara,Yallapura,,,,12:35,,BANAVARA
8ff6ec84-b162-4ae0-96b6-28feb53475de,Banavara,Kolar,,,,12:40,,BANAVARA
3d92b8ef-fa8b-4061-b6ce-2e90f429fff3,Banavara,Bengaluru,,,,12:40,,BANAVARA
620ab042-104c-4d69-94e5-89cead46d7ec,Banavara,Chikkamagaluru,,,,12:45,,BANAVARA
f02d652e-95b4-42f9-af2e-ebfa2ac3b5a4,Banavara,Chikkamagaluru,,,,13:00,,BANAVARA
83eb7837-1468-4aa9-8bdc-e2da3c2af582,Banavara,Bengaluru,,,,12:45,,BANAVARA
3150dba8-6d11-490d-aaae-970de54f57f9,Banavara,Anekal,,,,12:45,,BANAVARA
5a74ef8d-a518-4f35-86b7-8f35e1ad5ddb,Banavara,Shivamogha,,,,12:45,,BANAVARA
38fc79c9-d982-4ca1-8e65-4e0e27d66b29,Banavara,Mysore,,,,12:50,,BANAVARA
908a22c5-dd6e-4ab6-8ccc-0a747590a368,Banavara,Bengaluru,,,,12:50,,BANAVARA
39716ca0-43cd-4370-93bf-1f5c2b661043,Banavara,Gadag,,,,12:50,,BANAVARA
cfbb020d-4f92-4c02-9bce-bcdaada5a9b3,Banavara,Bengaluru,,,,12:55,,BANAVARA
f0b0f743-38fe-4bc8-91d4-67a1149c3313,Banavara,Sringeri,,,,12:55,,BANAVARA
f4c0d42d-4f50-4a2e-aa6d-c5b074b232e2,Banavara,Chithradurga,,,,13:00,,BANAVARA
c5c452c4-4b3a-4ce8-8f52-cd886bbf6d31,Banavara,Hosapete,,,,13:00,,BANAVARA
3ddfe1c2-5ae9-4244-ad46-09a1ea6e1677,Banavara,Mysore,,,,13:05,,BANAVARA
2e21c470-7c4b-46b2-81c3-12a72a78d124,Banavara,Bengaluru,,,,13:05,,BANAVARA
6c2b177d-244e-4876-9a96-440f4fe79053,Banavara,Davangere,,,,13:05,,BANAVARA
08814e84-2b45-4207-81d7-50adc07b2f1a,Banavara,Madikeri,,,,13:10,,BANAVARA
45c7726d-6db8-45d6-a36b-17286db55c89,Banavara,Panchanahalli,,,,13:15,,BANAVARA
4317bfc8-30b1-4860-ace4-05441f83e107,Banavara,Belur,,,,13:15,,BANAVARA
d986cd0a-9052-480e-9a8a-81bb7aca79c5,Banavara,Bengaluru,,,,13:15,,BANAVARA
8fc7c965-e108-47fe-bebd-8c573817d8d6,Banavara,Sagar,,,,13:15,,BANAVARA
a5cdcd51-247b-48df-84d0-68c9bf399b83,Banavara,Kundapura,,,,13:15,,BANAVARA
34c5c4a3-758f-4c1a-966b-172a4d0b539d,Banavara,Bengaluru,,,,13:20,,BANAVARA
a6cd09a2-31a3-461b-b5e8-fecc0a07268f,Banavara,Shivamogha,,,,13:20,,BANAVARA
2e2899ba-9c07-416a-b760-f33948c14bda,Banavara,Yallapura,,,,13:20,,BANAVARA
21c4272d-4908-4b2c-8bed-06a5920d0b85,Banavara,Hassan,,,,13:25,,BANAVARA
9c341062-9985-4d16-b90d-5f7b30764071,Banavara,Mysore,,,,13:25,,BANAVARA
41b36e99-7b01-420f-9f3e-0cf59dc6059b,Banavara,Bengaluru,,,,13:25,,BANAVARA
87a4403e-6e4f-4014-9d89-f1b950570e41,Banavara,Shivamogha,,,,13:25,,BANAVARA
4a771fee-659e-41db-bbc4-3b768d034406,Banavara,Chikkamagaluru,,,,13:30,,BANAVARA
c88f327e-e3c9-4a82-9277-f203d86b2aae,Banavara,Hassan,,,,13:30,,BANAVARA
6d3e1014-f583-43ba-be61-37fbd186aee5,Banavara,Belur,,,,13:30,,BANAVARA
73c624ae-de74-42d5-ae95-7250e49a7558,Banavara,Arsikere,,,,13:30,,BANAVARA
7dbf340d-b44f-4447-a0c5-522af49d5bfe,Banavara,Bengaluru,,,,13:35,,BANAVARA
ebeafa96-6e61-4f4f-b574-08d342a58b29,Banavara,Shivamogha,,,,13:35,,BANAVARA
052d4704-bfef-4be1-ad12-d1af33bcad19,Banavara,Kunigal,,,,13:40,,BANAVARA
e0e88a6a-90bc-43e1-8b77-f630cfe9edc4,Banavara,Bengaluru,,,,13:40,,BANAVARA
6552c9f6-655c-4ea6-9f4d-6bab357fd2d1,Banavara,Arsikere,,,,13:45,,BANAVARA
abfea790-890e-46c8-a21f-d5cc07e01a4a,Banavara,Yagatipura,,,,13:45,,BANAVARA
b300d581-5ee5-4f6c-9ad1-cf29e606f59f,Banavara,Bengaluru,,,,13:45,,BANAVARA
4b8622ec-ed84-4fae-bafb-fbd9f256a966,Banavara,Shivamogha,,,,13:45,,BANAVARA
f0b26950-7f29-4c34-ac9a-33f79ac335e8,Banavara,Yallapura,,,,13:45,,BANAVARA
ed0f80cd-97c3-4774-aef6-7f4954f0bb74,Banavara,Mysore,,,,13:50,,BANAVARA
87ba8ee6-d3ff-43b8-8027-013f2e89c200,Banavara,Shivamogha,,,,13:50,,BANAVARA
a1517c74-9993-49ef-937f-c3fbc15c4b19,Banavara,Sirsi,,,,13:50,,BANAVARA
009305c6-fc11-4107-a64a-2cdb342c9cc0,Banavara,Siganduru,,,,13:50,,BANAVARA
ebd5ed6a-0acb-4724-80ad-dc4aca9d8866,Banavara,Shivamogha,,,,13:55,,BANAVARA
8ddc01c3-c26b-4d8e-b84a-587ebf27e3c2,Banavara,Belur,,,,14:00,,BANAVARA
1abdbba9-b212-48a1-a4de-2032770bc623,Banavara,Bengaluru,,,,14:05,,BANAVARA
169f097f-6610-42a2-ac98-66d151b1cabe,Banavara,Davangere,,,,14:05,,BANAVARA
8aae17e8-e1c4-46e5-bba3-bcb49be8830c,Banavara,Bengaluru,,,,14:10,,BANAVARA
4af2a8c7-5dd3-4568-a354-790a4bb1af26,Banavara,Belur,,,,14:15,,BANAVARA
51560a73-93b4-4e73-916c-105e805ebcab,Banavara,Chikkamagaluru,,,,14:15,,BANAVARA
7fe31b5c-bbd8-48d9-8185-6643d4df1465,Banavara,Arsikere,,,,14:15,,BANAVARA
5da4f788-6791-4db5-9bae-75ed48b28e82,Banavara,Ballari,,,,14:15,,BANAVARA
e013d613-2974-4f24-96f7-f45eaed19212,Banavara,Bengaluru,,,,14:15,,BANAVARA
965900c0-b903-42de-851d-641d47b83adf,Banavara,Shivamogha,,,,14:15,,BANAVARA
56b012b2-3c13-44d8-a2b0-13d41b02318c,Banavara,Hassan,,,,14:15,,BANAVARA
8008a65b-ac5f-4363-90ac-93b2848be8db,Banavara,Mysore,,,,14:20,,BANAVARA
2ec98738-5e44-45cf-a5f4-833dd9999fb8,Banavara,Bengaluru,,,,14:20,,BANAVARA
eedae724-f911-459a-8dad-c3fd1b564e6a,Banavara,Shivamogha,,,,14:20,,BANAVARA
af55cc00-1bd8-4850-80ac-380e9c6e23e3,Banavara,Mysore,,,,14:25,,BANAVARA
0cbc90c5-b311-4936-99bd-d95b19759467,Banavara,Shivamogha,,,,14:25,,BANAVARA
42fd1f6c-3799-4dc5-8f6b-1e39f37c791b,Banavara,Siganduru,,,,14:25,,BANAVARA
3a9e418a-4646-4ed5-87f4-612e42ed6faf,Banavara,Belur,,,,14:30,,BANAVARA
6548868b-aa41-4f96-b8ed-2dbb3f919e65,Banavara,Arsikere,,,,14:30,,BANAVARA
fa5fb310-5489-4e48-91a6-52a62f4547b2,Banavara,Bengaluru,,,,14:35,,BANAVARA
a4cd5d77-8ed5-4e4c-98de-7cfead4342d5,Banavara,Shivamogha,,,,14:35,,BANAVARA
925a294a-6293-4dad-a6ae-5a589db0db3e,Banavara,Bengaluru,,,,14:40,,BANAVARA
935790c8-27c8-43d9-bf5f-84e375839330,Banavara,Shivamogha,,,,14:40,,BANAVARA
a32e4de7-f6fd-46c6-addd-b60d986b891b,Banavara,Belur,,,,14:45,,BANAVARA
1092ce70-7f70-4e42-961f-612044a8495f,Banavara,Chikkamagaluru,,,,14:45,,BANAVARA
d9cefc8d-af94-412c-9ec3-0ced1cbbe11f,Banavara,Chithradurga,,,,14:45,,BANAVARA
f5a601ae-aca0-413b-8ebc-afb11c7cdb5a,Banavara,Madikeri,,,,14:45,,BANAVARA
207750d3-e548-45ac-9b82-9c2fd8f1c17d,Banavara,Bengaluru,,,,14:45,,BANAVARA
acd2ae23-9c00-4733-98ea-c6df6a899b2b,Banavara,Siganduru,,,,14:45,,BANAVARA
d0c57861-cff5-4e7e-ae99-b60598cd0458,Banavara,Mysore,,,,14:50,,BANAVARA
48288f69-e34e-44c6-8dec-a0ebb418c6ef,Banavara,Shivamogha,,,,14:50,,BANAVARA
dfd79474-f3fd-4ee2-8a2b-b0cca31adfa4,Banavara,Hubballi,,,,14:50,,BANAVARA
e49a8acf-4ce3-4967-8467-88c94db4803a,Banavara,Davangere,,,,14:55,,BANAVARA
33f3c9d0-2ea7-40d7-b30c-3a3374fe527b,Banavara,Shivamogha,,,,14:55,,BANAVARA
8d071f9d-4fff-4f33-b69d-4ca3ccb00fa6,Banavara,Nagamangala,,,,14:55,,BANAVARA
213b5fb8-17a7-4a36-9773-4d332dc94ec3,Banavara,Belur,,,,15:00,,BANAVARA
889337d2-75de-40ab-9cb0-a116bb4a29a0,Banavara,Arsikere,,,,15:00,,BANAVARA
3f0a6a53-3a55-4a63-97c9-c17c7d460fdd,Banavara,Shivamogha,,,,15:00,,BANAVARA
361a3998-d218-4618-a866-56bdb3517816,Banavara,Mysore,,,,15:05,,BANAVARA
5955dcbd-a929-4f95-8211-ec445afc1883,Banavara,Shivamogha,,,,15:10,,BANAVARA
81117873-379d-4cce-a327-353a2b3c6849,Banavara,H.n.pura,,,,15:15,,BANAVARA
855ec094-50fc-4ffa-8997-13e5c6c0aef1,Banavara,Bengaluru,,,,15:15,,BANAVARA
05e4e022-4a90-4d24-bf43-22a9d12815ae,Banavara,Shivamogha,,,,15:15,,BANAVARA
3d97cdd2-d52e-4621-b39f-56d978099f8b,Banavara,Siganduru,,,,15:15,,BANAVARA
6604b4e5-cc7f-4b06-842b-f6d18ed382c9,Banavara,Bengaluru,,,,15:20,,BANAVARA
f81df991-f46c-43ba-bc45-b31c0c86b9bb,Banavara,Mysore,,,,15:25,,BANAVARA
234db119-617b-4071-942d-206554e0b38f,Banavara,Belur,,,,15:30,,BANAVARA
766a8f09-71d7-48d2-a68c-6f0f1436acb9,Banavara,Chikkamagaluru,,,,15:30,,BANAVARA
e857f5e0-899c-4163-9fb6-85544b5c2a30,Banavara,Bengaluru,,,,15:30,,BANAVARA
ab394eb8-2529-4edc-8776-5495db23debc,Banavara,Mysore,,,,15:40,,BANAVARA
533c38ba-addb-40f8-8e3b-29b6e072ba66,Banavara,Bengaluru,,,,15:40,,BANAVARA
09b023c9-43d1-4e45-b496-7904f0c35719,Banavara,Thirupathi,,,,15:40,,BANAVARA
ef1c54d1-d51d-45d1-9ccf-6b3a4dde95e2,Banavara,Belur,,,,15:45,,BANAVARA
3211b30f-9fc1-43e8-bc14-9501b9b06dde,Banavara,Thirupathi,,,,15:45,,BANAVARA
a76179d3-3a1f-4bb5-8523-854467a21e35,Banavara,Chithradurga,,,,15:45,,BANAVARA
505abdb6-f9b4-488d-b6fe-b5eb73c22fbd,Banavara,Ramanathapura,,,,15:45,,BANAVARA
92565ae3-368c-4184-afe3-6e263a5733b3,Banavara,Shivamogha,,,,15:45,,BANAVARA
c34f313e-89ba-416f-9c42-ca536b9d8f5a,Banavara,Hassan,,,,15:50,,BANAVARA
dc5c1ffb-f90e-4c2b-b319-f63013ac3d86,Banavara,Bengaluru,,,,15:50,,BANAVARA
c4105520-c567-4bee-bc32-4701776e23a1,Banavara,Shivamogha,,,,15:50,,BANAVARA
1db40dc7-0c46-42d1-8d69-5bcbd11e8814,Banavara,Hubballi,,,,15:50,,BANAVARA
79167b78-759a-4e69-9dd0-1aa9da624287,Banavara,Chikkamagaluru,,,,16:00,,BANAVARA
30dd4319-aaed-495d-89e6-7618ba41b987,Banavara,Hassan,,,,16:00,,BANAVARA
707bb4b6-8f1c-4e02-ab53-d2442fb2f52a,Banavara,Belur,,,,16:00,,BANAVARA
d5a2298e-5f2e-4e97-a4b3-150c0eb4b37d,Banavara,Mysore,,,,16:05,,BANAVARA
2db94ff7-8913-4bea-ac81-47ecd8076f78,Banavara,Bengaluru,,,,16:05,,BANAVARA
538c53ba-492f-4e48-ac70-0367e54e3752,Banavara,Bengaluru,,,,16:10,,BANAVARA
3702d2b2-d1c5-4d73-86c2-e8598616a688,Banavara,Mantralaya,,,,16:10,,BANAVARA
5fe2adcf-a444-4a3c-9657-20462eb34af2,Banavara,Belur,,,,16:15,,BANAVARA
5bb016b1-9bab-4cf2-bef9-e121829eef2d,Banavara,Bengaluru,,,,16:15,,BANAVARA
04f80752-b26a-4161-9657-2f50f0f5d0c0,Banavara,Shivamogha,,,,16:15,,BANAVARA
a34c00cc-0d48-4bdf-8ee7-571b97a920d3,Banavara,Sirsi,,,,16:15,,BANAVARA
a24cfdb8-1484-49d0-a480-458b5bbd67a7,Banavara,Hassan,,,,16:20,,BANAVARA
2ba0ec33-60fe-4daf-b1b4-ec9a8a0c0f59,Banavara,Shivamogha,,,,16:20,,BANAVARA
ac894a20-40e9-4d35-b1cd-6af58abe5409,Banavara,Bengaluru,,,,16:20,,BANAVARA
bed2210e-6c78-4c48-9136-d86e9e9fdbfb,Banavara,Bengaluru,,,,16:25,,BANAVARA
d7e668d9-956d-4e2d-a087-4e8891bd8d8a,Banavara,Shivamogha,,,,16:25,,BANAVARA
f389a6f6-73e5-4364-a729-5b41c1333733,Banavara,Thirthahalli,,,,16:25,,BANAVARA
8ca29491-d003-4942-8817-832245cc8865,Banavara,Siganduru,,,,16:25,,BANAVARA
d73c1d40-86bc-4f68-8faf-a48c530b386d,Banavara,Chikkamagaluru,,,,16:30,,BANAVARA
d1b36e95-ef5d-4961-b0d5-d800704eb927,Banavara,Arsikere,,,Mvtl; Banavara,16:30,,BANAVARA
640d16d8-21ed-44b7-9be5-b622dbc48c69,Banavara,Yagatipura,,,,16:30,,BANAVARA
11dc7220-81a2-4303-8f50-63866cc6bc76,Banavara,Arsikere,,,,16:30,,BANAVARA
16936abe-f39b-42ca-8f0d-0b6974e085a7,Banavara,K.bidare,Ordinary,,,16:30,,BANAVARA
e60843fb-8497-49cc-8f03-a5f44ee9835d,Banavara,Hassan,,,,16:30,,BANAVARA
8d77ea68-8cce-41de-81bb-f9531ff86d1d,Banavara,Belur,,,,16:30,,BANAVARA
e844afcc-8098-4dbd-9eff-752d9738ccf5,Banavara,Mysore,,,,16:35,,BANAVARA
59864556-182c-4c01-ab2b-5b33f4245e77,Banavara,Shivamogha,,,,16:35,,BANAVARA
053df578-6a99-48d6-83be-4603a309eeb3,Banavara,Thirthahalli,,,,16:35,,BANAVARA
2b65f546-61cb-45f4-8a07-1a4226b90499,Banavara,Shivamogha,,,,16:40,,BANAVARA
70320390-5a4a-41fb-8bd3-1367f2f701ef,Banavara,Challakere,,,,16:40,,BANAVARA
2c81dc0c-f5cf-47bf-92fc-64f2e9284518,Banavara,Belur,,,,16:45,,BANAVARA
f421e2d0-f0d6-4ea7-abc2-a8264ed8c4a9,Banavara,Agumbe,,,,16:45,,BANAVARA
45ec6610-37b0-492a-a614-1921bb4978b5,Banavara,Hassan,,,,16:50,,BANAVARA
37f070d9-2ce7-4347-b44b-502bc0ee7eec,Banavara,Mysore,,,,16:50,,BANAVARA
621ce52b-07fd-4a36-b831-40130d050e2a,Banavara,Bengaluru,,,,16:50,,BANAVARA
9312168d-3dda-4e3c-9ef0-7313412dcedf,Banavara,Shivamogha,,,,16:50,,BANAVARA
4140e123-de21-43ef-8aa9-731dfd868428,Banavara,Bengaluru,,,,16:55,,BANAVARA
0128af3c-52ff-4d2c-9c61-8e8ff3aee04d,Banavara,Shivamogha,,,,16:55,,BANAVARA
a6328cfa-f813-4618-999a-17e63d703540,Banavara,Nagamangala,,,,16:55,,BANAVARA
985cb1ac-c1c5-4be7-be15-bc635d4d10ca,Banavara,Arsikere,,,,17:00,,BANAVARA
8f34796d-9401-42ef-be0e-dae9023647ab,Banavara,Chikkamagaluru,,,,17:00,,BANAVARA
1e828b10-815d-42cb-9706-d71d5f33b1db,Banavara,Bengaluru,,,,17:05,,BANAVARA
2f41d56d-d0c2-470c-a8a3-de34ca64e461,Banavara,Shivamogha,,,,17:05,,BANAVARA
4bc9ee2f-24ea-4ffa-814a-1ec9fd48d66d,Banavara,Bengaluru,,,,17:10,,BANAVARA
2c550f57-d869-43c5-bb8e-3e7771e61e00,Banavara,Belur,,,,17:15,,BANAVARA
852b524e-ef98-4cd2-9f5e-d9d5369742f9,Banavara,Arsikere,,,,17:15,,BANAVARA
82cd3e58-659b-429f-a32b-d857164c8a90,Banavara,Shivamogha,,,,17:15,,BANAVARA
5ad240fb-58c3-4d07-9656-4b3ca521b59d,Banavara,Mysore,,,,17:20,,BANAVARA
50ad3d9e-f664-4536-9f76-1a7fa1977acb,Banavara,Shivamogha,,,,17:20,,BANAVARA
cf9bd941-d9d7-408b-8e21-5d08a72a7218,Banavara,Chikkamagaluru,,,,17:30,,BANAVARA
10f1bb13-5ce2-4547-8e40-9a66afb08fef,Banavara,Panchanahalli,,,,17:30,,BANAVARA
29fd1bfe-cca4-4e98-a086-7a5d5c023b60,Banavara,Shivamogha,,,,17:30,,BANAVARA
d125c540-f898-4751-8a5a-e5aa817f90f5,Banavara,Hassan,,,,17:30,,BANAVARA
1fa847e9-39dc-43f6-903d-fefbad859340,Banavara,Bengaluru,,,,17:35,,BANAVARA
85778bed-a456-4bec-be46-4530f52d1a9c,Banavara,Thiruvannamale,,,,17:40,,BANAVARA
d7f8ac65-c828-48ef-9fc4-7fe47ee5f9d0,Banavara,Chikkamagaluru,,,,17:40,,BANAVARA
148b0d30-8b06-4776-90c8-d9a9273a3e47,Banavara,Mysore,,,,17:40,,BANAVARA
0c4159dd-3ec8-45d7-a1cd-863ff58bbe4b,Banavara,Shivamogha,,,,17:40,,BANAVARA
796f31f7-0f8d-4c6e-8504-d06da658a44e,Banavara,Panchanahalli,,,,17:45,,BANAVARA
51e923c2-a77e-472f-bc84-86491d12a383,Banavara,Shivamogha,,,,17:45,,BANAVARA
fa6b2380-a23f-4273-92e8-8a0e03eabadf,Banavara,Bengaluru,,,,17:50,,BANAVARA
4e89e5cb-377a-4446-9846-bd7403429d18,Banavara,Shivamogha,,,,17:50,,BANAVARA
8474c87a-6114-4472-9c72-5eaa54f73f5f,Banavara,Bengaluru,,,,17:55,,BANAVARA
ea5d666a-cdaa-428e-98d1-2d35304254fe,Banavara,Chikkamagaluru,,,,18:00,,BANAVARA
3d287992-3cbf-4bb1-8350-690566981ce6,Banavara,Arsikere,,,,18:00,,BANAVARA
70b45c4b-59ed-4ba7-abcd-64b986a5012e,Banavara,Shivamogha,,,,18:00,,BANAVARA
370e4e9e-6e4b-4006-9c76-b9b55c9c0746,Banavara,Mysore,,,,18:05,,BANAVARA
0f0c316a-35db-49dd-9cf3-aac2b4290f29,Banavara,Bengaluru,,,,18:05,,BANAVARA
5b2d125a-3581-4687-9d9f-6b098bbe358a,Banavara,Madikeri,,,,18:10,,BANAVARA
87c45214-47d4-4d65-b0f3-52d72ebc72a9,Banavara,Belur,,,,18:15,,BANAVARA
d66de257-7ff2-443d-bb07-a9ac63d789c4,Banavara,Arsikere,,,,18:15,,BANAVARA
6e6df94e-96ce-4a77-a570-a263854f5b73,Banavara,Bengaluru,,,,18:15,,BANAVARA
250bac0f-a79e-4834-867b-146363a73744,Banavara,Honnali,,,,18:15,,BANAVARA
986137e1-532f-430d-911a-699723149166,Banavara,Chikkamagaluru,,,,18:15,,BANAVARA
e90ba327-449d-472b-a4d3-a2b7ad6567b7,Banavara,Mysore,,,,18:20,,BANAVARA
887d20a7-2136-4ede-bff2-760a55fa09b9,Banavara,Kammaradi,,,,18:20,,BANAVARA
6b3c91d9-b951-4a76-8e95-f6cbcf3625b8,Banavara,S.bidare,,,,18:30,,BANAVARA
2f04ed6f-18a8-40a4-8cbc-eb9052c53ec2,Banavara,Shivamogha,,,,18:30,,BANAVARA
62c0ffb2-7e5b-417b-b738-d468bf4e9f9a,Banavara,Honnali,,,,18:30,,BANAVARA
2181a529-e5dd-4388-83a5-15a0078724df,Banavara,Arsikere,,,,18:30,,BANAVARA
173b42b7-9cba-43bc-8c7d-41ce13798817,Banavara,Bengaluru,,,,18:35,,BANAVARA
2558e02e-3614-4be1-b13a-fbb258dd3c77,Banavara,Shivamogha,,,,18:40,,BANAVARA
57f46a40-2773-4889-82b5-e137a3854ba4,Banavara,Chikkamagaluru,,,,18:45,,BANAVARA
ea8de68a-810b-45c6-9a82-1f510968e2b2,Banavara,Huliyar,,,,18:45,,BANAVARA
012802cb-43fd-4fcd-bd79-31bb9a02effc,Banavara,Shivamogha,,,,18:45,,BANAVARA
613e9341-d978-4d49-8a5c-53712f99dbaa,Banavara,Honnali,,,,18:45,,BANAVARA
73197f6a-427b-46c2-a9e4-4067ee97b76e,Banavara,Bengaluru,,,,18:50,,BANAVARA
39f066f2-8f86-4f0f-b06e-6c11cf0e821c,Banavara,Shivamogha,,,,18:50,,BANAVARA
c2d8a2c7-bcfb-40ae-8214-33baec6e32fa,Banavara,Chikkamagaluru,,,,19:00,,BANAVARA
a2208f78-3d86-4e2d-89e5-9f0856d72b6a,Banavara,Nidagatta,,,,19:00,,BANAVARA
2a588bb9-4e27-4c5e-89ff-e6373cbabcd7,Banavara,Belur,,,,19:00,,BANAVARA
57db4525-a38d-4c90-a3d5-11d586fab2aa,Banavara,Arsikere,,,,19:00,,BANAVARA
71b25617-14e8-455d-aff6-805f34eef68f,Banavara,Mysore,,,,19:05,,BANAVARA
44707110-8cdd-416c-a241-427df53e5f78,Banavara,Bengaluru,,,,19:05,,BANAVARA
eead6814-9c18-414c-9c9c-3afaf0bb568b,Banavara,Thiruvannamale,,,,19:05,,BANAVARA
fb150f27-9f4a-4b17-a167-3c3300de7525,Banavara,Arsikere,,,,19:15,,BANAVARA
acf40395-713d-4a68-9751-9fe505e2080e,Banavara,Shivamogha,,,,19:15,,BANAVARA
be0b285b-f32c-4bb8-9221-75a68bda62bd,Banavara,Hubballi,,,,19:15,,BANAVARA
8f10d1eb-f2f4-496f-a02c-e3ba64ad9167,Banavara,Kohimattur,,,,19:20,,BANAVARA
49e62540-2ef1-441c-ad65-123e117c687a,Banavara,Shivamogha,,,,19:20,,BANAVARA
24665d95-62a5-41f9-b184-e9b356c6c8a3,Banavara,Shivamogha,,,,19:30,,BANAVARA
2f8daa5a-99ed-4d10-b3ee-d273a4369799,Banavara,Bengaluru,,,,19:35,,BANAVARA
a3693639-1cc1-4eb0-95a6-8cf29a0c3e92,Banavara,Shivamogha,,,,19:35,,BANAVARA
42e786f0-91cd-48f4-904f-e16f9a67184a,Banavara,Shivamogha,,,,19:40,,BANAVARA
38a34cb0-708c-46cb-8ed6-2921a5cb20aa,Banavara,Javagal,,,,19:45,,BANAVARA
9df3a216-99d4-44fe-b9e9-988333c0f696,Banavara,Arsikere,,,,19:45,,BANAVARA
59685640-0218-4ab9-aad8-e3f348ada929,Banavara,Hassan,,,,19:45,,BANAVARA
ba43fccf-4b34-47d1-b1f3-fcf5732fcd6a,Banavara,Mirage,,,,19:50,,BANAVARA
1d2523dd-9394-4604-8c98-76ca7e82c670,Banavara,Shivamogha,,,,19:55,,BANAVARA
d1ed8338-8fa6-42a9-b2a8-f7574241dfb2,Banavara,Sagar,,,,20:00,,BANAVARA
a0159a38-4f7a-4b11-a76a-d14fa045e971,Banavara,Panchanahalli,,,,20:00,,BANAVARA
c5c1ee3a-43bf-4e87-a767-ad6c5c00511d,Banavara,Arsikere,,,,20:00,,BANAVARA
0845619c-1d5b-4bc2-8594-6375c402647e,Banavara,Chikkamagaluru,,,,20:00,,BANAVARA
d72d4469-af46-4bf3-bec7-0cd38f756a4c,Banavara,Bengaluru,,,,20:05,,BANAVARA
ed258285-2346-48db-9339-9069a4e0973d,Banavara,Arsikere,,,,20:15,,BANAVARA
43350759-11bc-4226-b46e-ba394383d959,Banavara,Hassan,,,,20:15,,BANAVARA
75d9663e-7025-4e14-ac9f-e294f79a0cba,Banavara,Shivamogha,,,,20:15,,BANAVARA
db92ce45-9d55-47b6-8ab0-47aaa1be0935,Banavara,Shivamogha,,,,20:20,,BANAVARA
b36ea6fc-b372-464b-955d-d93936eae4d7,Banavara,Mysore,,,,20:25,,BANAVARA
fc9f0c42-f71b-4db2-ae81-057cbedd0c45,Banavara,Shivamogha,,,,20:25,,BANAVARA
9e96858c-7d80-4cf3-bccf-54111e3e6b43,Banavara,Bengaluru,,,,20:35,,BANAVARA
c1c8a1a5-2f4d-4400-b532-ca61b4e404a8,Banavara,Thiruvannamale,,,,20:35,,BANAVARA
470b422f-baa3-4db1-b5d8-938cfd2e8ebe,Banavara,Shivamogha,,,,20:35,,BANAVARA
a2bbb11e-06dd-49d7-8b7d-f00f9dc3f78d,Banavara,Bengaluru,,,,20:40,,BANAVARA
891a56d4-15a3-45c0-b7eb-090dc3d570a9,Banavara,Shivamogha,,,,20:40,,BANAVARA
0040003b-8eed-461d-8985-91baf9f424dd,Banavara,Shivamogha,,,,20:45,,BANAVARA
18db6d6e-4422-4086-b20f-66b379806ef4,Banavara,Belagam,,,,20:50,,BANAVARA
051d3216-7916-4ced-8853-0c9e1271699c,Banavara,Bengaluru,,,,20:55,,BANAVARA
fd76bfa0-1d3a-4853-bfe5-1d474ab665e6,Banavara,Arsikere,,,,21:00,,BANAVARA
4bc2271d-ec95-4c2d-9b4d-dcaa6c31fbe9,Banavara,Shivamogha,,,,21:05,,BANAVARA
43274aeb-6f65-4723-8855-3959a4fce5d9,Banavara,Bengaluru,,,,21:15,,BANAVARA
b9656a4c-6679-4c76-bb02-2a67dfdbec9f,Banavara,Nippani,,,,21:15,,BANAVARA
99d6de93-efc1-40a9-aa06-16a1c78d0bbb,Banavara,Kohimattur,,,,21:20,,BANAVARA
00c9592f-cb63-4211-9e5d-83bafbad176d,Banavara,Shivamogha,,,,21:20,,BANAVARA
83c604f9-87b7-4915-9826-619fee9ccf67,Banavara,Shivamogha,,,,21:25,,BANAVARA
acc7b1f6-bb41-4253-a180-55fc2192d657,Banavara,Bengaluru,,,,21:30,,BANAVARA
331337ba-774c-40db-a942-24af381e3dc8,Banavara,Shivamogha,,,,21:45,,BANAVARA
d14be374-9bde-4d1a-bcbb-3781a7a4bf8e,Banavara,Shivamogha,,,,21:50,,BANAVARA
d046ab73-cadf-4121-87ae-562bf4552372,Banavara,Shivamogha,,,,21:55,,BANAVARA
f4a6909a-cf63-4392-8e08-357d350596f6,Banavara,Bengaluru,,,,22:05,,BANAVARA
e9b9bf81-b993-4d62-aadb-7f100a7e830e,Banavara,Selem,,,,22:05,,BANAVARA
981e63a5-a994-42ad-ad34-3b6e112c45f9,Banavara,Shivamogha,,,,22:10,,BANAVARA
6705eb57-a707-41c3-ab27-edf70eb94b94,Banavara,Shivamogha,,,,22:15,,BANAVARA
533ae15e-1242-4bd1-acc3-c660fc64c02e,Banavara,Mysore,,,,22:20,,BANAVARA
3dc463a3-4267-49c7-909c-71744ad41bd8,Banavara,Shivamogha,,,,22:20,,BANAVARA
4fb849de-8ff3-477a-b5d6-cb1612a44392,Banavara,Karavara,,,,22:20,,BANAVARA
123a3003-48e7-4a56-9f57-9c48c47d7a4a,Banavara,Bengaluru,,,,22:35,,BANAVARA
24b4c8f3-6eca-4223-8d2d-c9edbee65499,Banavara,Bengaluru,,,,22:45,,BANAVARA
03be5d90-c1ce-4a0a-9c52-73ef5dbaba5f,Banavara,Shivamogha,,,,22:50,,BANAVARA
1a4169bd-7d4c-4156-a7cf-fa105fa0da28,Banavara,Hubballi,,,,22:50,,BANAVARA
b13ca45b-a608-4b3c-8083-af011574f026,Banavara,Shivamogha,,,,23:00,,BANAVARA
75e723b1-b3c3-416c-b74e-9e37e32e8009,Banavara,Bengaluru,,,,23:05,,BANAVARA
aaa7d34e-b92b-4505-a58d-df3c23cee368,Banavara,Shivamogha,,,,23:05,,BANAVARA
ae7ca4c6-08f7-4348-a4ac-7477069dd0d7,Banavara,Shivamogha,,,,23:15,,BANAVARA
7eb4a526-eacf-41cb-a060-9ff91c215848,Banavara,Bengaluru,,,,23:20,,BANAVARA
14abf5fd-c35e-4462-9be9-0d5718bab78e,Banavara,Shivamogha,,,,23:20,,BANAVARA
beb116dd-a8a7-434d-a838-80b3832e7dbd,Banavara,Bengaluru,,,,23:45,,BANAVARA
8dae48aa-1b36-4941-aeca-f4d249611632,Banavara,Bengaluru,,,,23:50,,BANAVARA
9b9ab49a-b88a-4e78-b359-ce8d9c6012ee,Banavara,Honnali,,,,23:55,,BANAVARA
623136ed-50bb-432b-bf58-ca27d88b6afc,Banavara,Bengaluru,,,,23:55,,BANAVARA
