"ID,Name,Location,Date,Arrival_Time,Departure_Time,Fare,Price"
"1,Dr. Diya Singh,Mysuru,2025-10-14,09:34:07,17:02:47,185.75,200.00"
"2,Gopi Pillai,Hubballi,2025-10-02,09:02:18,18:24:29,145.20,300.00"
"3,Anika Varma,Bengaluru,2025-10-12,08:31:56,18:11:47,290.50,200.00"
"4,Devi Saini,Mysuru,2025-10-09,08:33:57,17:28:10,210.10,300.00"
"5,Anshuman Embranthiri,Bengaluru,2025-10-18,09:47:54,18:58:39,315.80,300.00"
"6,Pihu Zacharia,Mangaluru,2025-10-01,08:35:49,17:34:16,230.45,250.00"
"7,Kavita Balan,Bengaluru,2025-10-10,08:42:57,17:33:24,265.90,200.00"
"8,Anaya Iyengar,Shivamogga,2025-10-07,09:59:15,18:07:31,125.60,200.00"
"9,Aarav Mishra,Hubballi,2025-10-15,09:01:21,17:41:22,180.25,200.00"
"10,Ishaan Namboothiri,Belagavi,2025-10-13,08:30:19,17:15:28,195.55,250.00"
"11,Nirav Embranthiri,Belagavi,2025-10-11,09:12:43,18:19:12,215.70,300.00"
"12,Myra Saini,Mysuru,2025-10-04,08:32:04,17:10:45,165.40,200.00"
"13,Pihu Balakrishnan,Shivamogga,2025-10-05,09:33:48,18:22:50,150.90,250.00"
"14,Arjun Cherian,Mysuru,2025-10-19,09:38:52,18:44:27,220.30,300.00"
"15,Divya Balakrishnan,Hubballi,2025-10-02,08:48:30,17:58:24,160.75,200.00"
"16,Vanya Reddy,Bengaluru,2025-10-13,09:20:01,17:09:23,330.15,300.00"
"17,Shanaya Pillai,Bengaluru,2025-10-18,08:41:14,18:31:01,240.60,150.00"
"18,Shanaya Varma,Hubballi,2025-10-12,09:58:05,17:05:40,110.80,150.00"
"19,Vihaan Embranthiri,Hubballi,2025-10-13,08:44:02,18:37:37,175.40,200.00"
"20,Meera Nambeesan,Mangaluru,2025-10-12,08:52:03,17:33:41,210.20,200.00"
"21,Vihaan Namboothiri,Bengaluru,2025-10-08,08:58:20,18:22:30,295.30,300.00"
"22,Lakshmi Balan,Mysuru,2025-10-06,09:47:33,18:31:38,190.95,300.00"
"23,Mira Deshpande,Mangaluru,2025-10-12,09:47:04,18:05:14,245.80,200.00"
"24,Arnav Balan,Hubballi,2025-10-14,09:45:00,18:02:44,135.50,200.00"
"25,Pari Ahuja,Hubballi,2025-10-08,09:26:07,17:28:34,120.10,150.00"
"26,Anika Varrier,Hubballi,2025-10-19,08:40:41,18:40:48,155.65,200.00"
"27,Aarav Nambeesan,Mysuru,2025-10-07,09:05:50,17:15:28,170.80,200.00"
"28,Vihaan Kapoor,Shivamogga,2025-10-02,08:35:54,18:44:03,140.25,200.00"
"29,Advik Balan,Shivamogga,2025-10-01,08:33:04,18:23:43,165.70,300.00"
"30,Mohammed Deshpande,Bengaluru,2025-10-16,08:40:40,17:46:17,340.40,300.00"
"31,Rohan Cherian,Shivamogga,2025-10-09,09:08:47,17:45:09,130.90,200.00"
"32,Aarav Zacharia,Mysuru,2025-10-13,09:58:50,18:59:15,205.15,200.00"
"33,Lakshmi Balakrishnan,Hubballi,2025-10-08,09:44:59,18:03:00,185.30,250.00"
"34,Aarav Balan,Mysuru,2025-10-02,09:49:55,18:45:10,140.45,150.00"
"35,Saanvi Namboothiri,Shivamogga,2025-10-08,08:52:16,18:26:07,115.80,200.00"
"36,Advik Pillai,Bengaluru,2025-10-18,09:57:39,18:31:39,280.70,200.00"
"37,Rohan Varma,Mangaluru,2025-10-01,09:16:32,17:41:43,220.90,200.00"
"38,Anika Balakrishnan,Bengaluru,2025-10-06,09:59:22,17:23:38,305.25,300.00"
"39,Anika Saini,Hubballi,2025-10-09,09:30:17,17:31:02,170.60,300.00"
"40,Zara Pillai,Shivamogga,2025-10-11,09:12:12,17:58:36,105.10,200.00"
"41,Aditi Balan,Bengaluru,2025-10-04,09:49:13,17:09:03,255.45,200.00"
"42,Miss Riya Ahuja,Mangaluru,2025-10-04,09:13:00,18:16:21,260.80,200.00"
"43,Dr. Reyansh Balan,Shivamogga,2025-10-10,09:56:56,18:50:52,155.35,300.00"
"44,Ishaan Balakrishnan,Hubballi,2025-10-03,09:27:14,17:49:25,125.70,200.00"
"45,Krishna Namboothiri,Mangaluru,2025-10-19,08:51:24,18:52:33,195.95,200.00"
"46,Arnav Balan,Belagavi,2025-10-12,09:45:26,17:34:52,150.10,150.00"
"47,Anika Balan,Hubballi,2025-10-18,09:21:49,18:14:14,105.40,150.00"
"48,Mira Balakrishnan,Bengaluru,2025-10-11,09:08:24,18:31:47,320.50,300.00"
"49,Aarav Saini,Bengaluru,2025-10-02,08:52:16,18:38:29,270.85,200.00"
"50,Vanya Varrier,Hubballi,2025-10-15,09:46:18,17:44:48,190.20,300.00"
"51,Vivaan Balan,Belagavi,2025-10-18,08:44:07,18:58:24,130.65,150.00"
"52,Aarav Reddy,Mangaluru,2025-10-04,09:37:37,18:43:08,180.90,150.00"
"53,Krishna Saini,Bengaluru,2025-10-14,08:56:22,17:28:43,260.10,200.00"
"54,Pari Balakrishnan,Mangaluru,2025-10-04,09:32:00,18:37:37,250.35,200.00"
"55,Rohan Balakrishnan,Belagavi,2025-10-09,08:45:51,17:35:10,175.70,200.00"
"56,Fatima Varma,Mangaluru,2025-10-18,09:59:22,17:24:41,160.25,150.00"
"57,Anaya Namboothiri,Bengaluru,2025-10-03,09:44:27,17:35:10,285.50,200.00"
"58,Kabir Mishra,Bengaluru,2025-10-10,09:47:33,18:04:19,295.80,200.00"
"59,Saanvi Saini,Bengaluru,2025-10-18,08:41:49,18:49:12,275.15,200.00"
"60,Saanvi Pillai,Mangaluru,2025-10-02,09:56:09,17:01:21,205.40,200.00"
"61,Aarav Saini,Mangaluru,2025-10-01,09:32:55,17:22:42,155.65,150.00"
"62,Vivaan Pillai,Bengaluru,2025-10-19,09:35:54,18:58:05,310.90,300.00"
"63,Pari Balan,Hubballi,2025-10-14,08:52:19,17:58:02,140.85,200.00"
"64,Saanvi Varma,Hubballi,2025-10-02,08:58:08,17:50:57,130.20,200.00"
"65,Arnav Varma,Bengaluru,2025-10-17,09:41:07,17:47:33,230.45,150.00"
"66,Rohan Varma,Mangaluru,2025-10-12,09:12:12,18:00:23,265.70,300.00"
"67,Anika Deshpande,Mysuru,2025-10-13,09:02:11,18:49:18,125.95,150.00"
"68,Miss Meera Varma,Hubballi,2025-10-10,08:48:35,17:15:28,115.30,150.00"
"69,Vihaan Reddy,Mysuru,2025-10-11,09:47:36,18:53:39,180.50,200.00"
"70,Myra Balan,Shivamogga,2025-10-19,09:50:06,17:21:05,170.80,300.00"
"71,Aarav Balan,Shivamogga,2025-10-18,08:34:57,17:17:10,120.15,200.00"
"72,Gopi Embranthiri,Bengaluru,2025-10-02,09:33:04,18:03:00,290.40,200.00"
"73,Mrs. Anika Namboothiri,Bengaluru,2025-10-11,09:22:15,18:06:55,300.65,300.00"
"74,Vanya Balan,Bengaluru,2025-10-18,08:49:57,18:54:19,280.90,200.00"
"75,Ananya Embranthiri,Shivamogga,2025-10-05,09:14:15,18:18:03,110.45,200.00"
"76,Aarav Varrier,Mysuru,2025-10-07,09:16:32,18:16:05,155.70,150.00"
"77,Kabir Balakrishnan,Mysuru,2025-10-11,09:05:32,18:55:04,190.95,200.00"
"78,Aarav Embranthiri,Mangaluru,2025-10-02,09:37:37,17:10:04,240.20,200.00"
"79,Pari Balakrishnan,Shivamogga,2025-10-05,09:50:56,18:56:59,100.75,200.00"
"80,Aarav Balan,Shivamogga,2025-10-09,09:19:24,18:18:24,135.10,200.00"
"81,Arnav Balan,Mangaluru,2025-10-19,09:04:12,17:09:55,270.45,200.00"
"82,Dev Balakrishnan,Belagavi,2025-10-08,09:52:10,18:41:40,180.80,200.00"
"83,Anika Singh,Mangaluru,2025-10-12,09:14:02,18:09:15,170.15,150.00"
"84,Kabir Embranthiri,Shivamogga,2025-10-13,09:04:47,17:41:22,145.40,200.00"
"85,Vivaan Namboothiri,Mangaluru,2025-10-05,09:00:36,17:33:14,260.65,300.00"
"86,Vanya Balan,Bengaluru,2025-10-09,09:32:00,18:58:39,325.90,300.00"
"87,Advik Namboothiri,Mysuru,2025-10-07,08:52:43,18:19:12,160.20,150.00"
"88,Dr. Anika Namboothiri,Belagavi,2025-10-09,09:55:53,17:28:10,210.45,250.00"
"89,Saanvi Saini,Mangaluru,2025-10-05,09:20:25,18:14:14,230.70,200.00"
"90,Pari Varma,Mysuru,2025-10-08,08:50:49,18:31:01,200.95,200.00"
"91,Anika Embranthiri,Mangaluru,2025-10-06,09:59:40,17:41:19,275.20,300.00"
"92,Anaya Pillai,Belagavi,2025-10-15,08:44:31,18:28:44,140.45,150.00"
"93,Rohan Namboothiri,Belagavi,2025-10-17,09:58:17,17:59:04,190.70,300.00"
"94,Arjun Balan,Bengaluru,2025-10-07,09:08:47,17:20:29,265.95,200.00"
"95,Shanaya Reddy,Belagavi,2025-10-05,08:35:54,17:09:03,120.20,150.00"
"96,Rohan Ahuja,Mysuru,2025-10-11,09:07:37,17:15:33,185.45,200.00"
"97,Myra Balan,Belagavi,2025-10-09,09:06:40,17:24:29,110.70,150.00"
"98,Saanvi Deshpande,Hubballi,2025-10-05,09:30:11,18:03:00,150.95,200.00"
"99,Arjun Saini,Bengaluru,2025-10-07,08:37:37,18:35:10,310.20,300.00"
"100,Vivaan Saini,Bengaluru,2025-10-17,08:37:24,18:31:01,335.45,300.00"
"101,Miss Vanya Reddy,Belagavi,2025-10-06,08:58:08,18:50:52,105.75,150.00"
"102,Saanvi Kapoor,Mangaluru,2025-10-16,08:44:02,18:59:15,220.10,200.00"
"103,Arnav Varma,Hubballi,2025-10-02,09:28:16,18:12:12,140.35,200.00"
"104,Vivaan Saini,Mangaluru,2025-10-11,09:23:43,18:31:39,245.60,200.00"
"105,Aarav Balan,Belagavi,2025-10-09,08:46:17,18:26:07,130.85,150.00"
"106,Anaya Varma,Hubballi,2025-10-17,09:32:00,18:41:40,160.10,200.00"
"107,Dev Varma,Mysuru,2025-10-08,08:48:47,17:45:09,115.35,150.00"
"108,Dev Saini,Belagavi,2025-10-12,08:49:57,17:28:34,180.60,200.00"
"109,Vihaan Balan,Hubballi,2025-10-03,09:44:27,17:09:55,95.85,150.00"
"110,Dev Balakrishnan,Shivamogga,2025-10-03,09:07:37,18:23:43,150.10,200.00"
"111,Vanya Varma,Belagavi,2025-10-11,09:12:12,18:52:33,205.35,300.00"
"112,Anaya Deshpande,Bengaluru,2025-10-09,08:44:07,17:41:19,255.60,200.00"
"113,Kabir Varma,Belagavi,2025-10-16,09:51:30,17:30:17,190.85,200.00"
"114,Vihaan Balakrishnan,Mysuru,2025-10-14,08:35:54,17:16:05,175.10,200.00"
"115,Anika Balan,Hubballi,2025-10-11,08:42:15,18:26:07,85.35,150.00"
"116,Gopi Varma,Shivamogga,2025-10-11,09:33:04,18:05:40,125.60,200.00"
"117,Ishaan Saini,Hubballi,2025-10-14,08:33:57,17:10:45,170.85,300.00"
"118,Aarav Namboothiri,Bengaluru,2025-10-11,08:49:18,17:15:33,280.10,200.00"
"119,Advik Balan,Hubballi,2025-10-03,08:31:01,17:47:33,160.35,200.00"
"120,Arnav Saini,Shivamogga,2025-10-06,09:16:32,17:07:31,110.60,200.00"
"121,Rohan Balan,Belagavi,2025-10-17,09:23:05,18:49:12,140.85,150.00"
"122,Ishaan Cherian,Mangaluru,2025-10-11,08:30:19,17:28:43,235.10,200.00"
"123,Dev Balan,Bengaluru,2025-10-11,08:31:56,17:58:39,225.35,150.00"
"124,Riya Balan,Shivamogga,2025-10-17,09:12:43,18:04:19,100.60,150.00"
"125,Mrs. Pari Deshpande,Shivamogga,2025-10-13,09:05:32,17:05:40,140.85,200.00"
"126,Ishaan Varma,Bengaluru,2025-10-19,09:13:00,18:44:27,320.10,300.00"
"127,Myra Varma,Mangaluru,2025-10-06,09:59:40,18:18:24,250.35,200.00"
"128,Vanya Balakrishnan,Shivamogga,2025-10-17,09:13:20,18:53:39,130.60,200.00"
"129,Miss Lakshmi Saini,Bengaluru,2025-10-10,08:34:57,17:15:28,310.85,300.00"
"130,Dr. Anika Namboothiri,Belagavi,2025-10-04,09:06:40,17:28:43,210.10,300.00"
"131,Zara Reddy,Mysuru,2025-10-04,08:52:16,18:43:08,145.35,150.00"
"132,Rohan Balan,Belagavi,2025-10-13,09:10:45,17:34:52,200.60,300.00"
"133,Rohan Namboothiri,Bengaluru,2025-10-12,08:52:43,18:58:02,285.85,200.00"
"134,Zara Namboothiri,Shivamogga,2025-10-17,09:37:37,17:46:17,120.10,200.00"
"135,Arnav Balan,Belagavi,2025-10-03,09:00:36,18:18:24,170.35,200.00"
"136,Gopi Balan,Hubballi,2025-10-17,09:31:01,17:23:38,165.60,250.00"
"137,Miss Devi Saini,Hubballi,2025-10-10,09:21:49,18:31:39,155.85,200.00"
"138,Advik Balan,Bengaluru,2025-10-02,09:01:21,17:28:43,300.10,300.00"
"139,Gopi Balan,Bengaluru,2025-10-14,09:02:11,18:59:15,270.35,200.00"
"140,Miss Myra Varma,Belagavi,2025-10-10,09:04:12,18:41:40,160.60,200.00"
"141,Aarav Balakrishnan,Shivamogga,2025-10-02,09:21:49,17:34:16,95.85,200.00"
"142,Myra Cherian,Shivamogga,2025-10-19,08:44:07,18:38:29,160.10,300.00"
"143,Rohan Balan,Hubballi,2025-10-06,08:50:49,17:23:38,150.35,300.00"
"144,Aarav Varma,Bengaluru,2025-10-04,08:52:19,18:56:59,295.60,200.00"
"145,Pari Ahuja,Hubballi,2025-10-19,09:28:16,17:35:10,85.85,150.00"
"146,Ishaan Balan,Belagavi,2025-10-17,09:07:37,17:09:03,185.10,300.00"
"147,Meera Saini,Mangaluru,2025-10-13,08:52:19,17:33:41,215.35,200.00"
"148,Advik Reddy,Hubballi,2025-10-02,08:42:15,18:24:29,145.60,200.00"
"149,Aarav Varma,Bengaluru,2025-10-09,09:59:15,18:28:44,325.85,300.00"
"150,Arnav Namboothiri,Bengaluru,2025-10-08,09:56:56,18:07:31,345.10,300.00"
"151,Shanaya Saini,Mysuru,2025-10-11,09:27:14,17:15:33,170.35,200.00"
"152,Vanya Varma,Bengaluru,2025-10-11,09:04:47,18:53:39,265.60,200.00"
"153,Reyansh Varma,Mangaluru,2025-10-06,08:44:07,18:58:39,240.85,200.00"
"154,Riya Varma,Shivamogga,2025-10-02,08:34:57,17:41:43,120.10,200.00"
"155,Gopi Varma,Bengaluru,2025-10-15,09:37:37,17:23:38,290.35,250.00"
"156,Aarav Saini,Mangaluru,2025-10-12,08:44:02,17:45:09,230.60,200.00"
"157,Vihaan Namboothiri,Mysuru,2025-10-12,09:20:01,17:30:17,135.85,150.00"
"158,Arjun Cherian,Hubballi,2025-10-13,08:42:57,18:02:44,115.10,200.00"
"159,Saanvi Saini,Mysuru,2025-10-05,09:12:43,18:23:43,160.35,200.00"
"160,Aarav Saini,Belagavi,2025-10-16,09:07:37,17:33:14,175.60,200.00"
"161,Pari Saini,Mysuru,2025-10-12,08:52:16,18:40:48,150.85,200.00"
"162,Miss Zara Reddy,Belagavi,2025-10-13,08:58:08,17:09:23,100.10,150.00"
"163,Aarav Varma,Bengaluru,2025-10-02,08:52:19,17:34:52,315.35,300.00"
"164,Vivaan Embranthiri,Bengaluru,2025-10-14,09:22:15,18:18:24,280.60,200.00"
"165,Saanvi Namboothiri,Bengaluru,2025-10-08,09:50:56,18:41:40,210.85,150.00"
"166,Dr. Vihaan Reddy,Hubballi,2025-10-08,09:08:47,17:24:29,130.10,200.00"
"167,Anika Saini,Mangaluru,2025-10-16,09:27:14,18:58:36,255.35,200.00"
"168,Kabir Kapoor,Belagavi,2025-10-03,09:19:24,18:23:43,165.60,200.00"
"169,Anika Saini,Shivamogga,2025-10-15,08:35:54,17:33:24,145.85,300.00"
"170,Meera Namboothiri,Mysuru,2025-10-13,09:20:25,18:55:04,190.10,200.00"
"171,Advik Balan,Bengaluru,2025-10-17,09:12:12,17:15:33,340.35,300.00"
"172,Reyansh Varma,Belagavi,2025-10-17,08:37:24,18:28:44,155.60,200.00"
"173,Advik Varma,Mangaluru,2025-10-17,09:13:00,17:10:45,240.85,200.00"
"174,Aarav Saini,Shivamogga,2025-10-07,09:44:27,17:58:39,135.10,200.00"
"175,Arjun Embranthiri,Belagavi,2025-10-14,09:33:04,18:50:52,145.35,200.00"
"176,Dev Varma,Mysuru,2025-10-08,08:52:16,18:23:43,120.60,150.00"
"177,Miss Aarav Balan,Belagavi,2025-10-15,09:59:15,18:18:03,95.85,150.00"
"178,Pihu Saini,Bengaluru,2025-10-02,08:44:02,18:58:05,275.10,200.00"
"179,Miss Pari Balakrishnan,Hubballi,2025-10-16,09:33:48,17:28:43,80.35,150.00"
"180,Mrs. Devi Ahuja,Hubballi,2025-10-10,09:51:30,17:34:52,135.60,200.00"
"181,Anika Saini,Bengaluru,2025-10-11,09:35:54,18:11:47,260.85,200.00"
"182,Kabir Balan,Hubballi,2025-10-09,09:14:15,18:54:19,120.10,200.00"
"183,Anika Balakrishnan,Mysuru,2025-10-08,09:30:11,18:55:04,180.35,300.00"
"184,Fatima Reddy,Belagavi,2025-10-03,09:49:55,18:22:30,195.60,200.00"
"185,Pihu Saini,Hubballi,2025-10-16,08:52:43,17:34:52,110.85,300.00"
"186,Fatima Varma,Belagavi,2025-10-06,09:02:18,17:21:05,105.10,150.00"
"187,Vanya Saini,Hubballi,2025-10-12,08:48:47,18:41:40,100.35,200.00"
"188,Ishaan Balan,Hubballi,2025-10-05,09:52:10,17:22:42,90.60,200.00"
"189,Vihaan Reddy,Hubballi,2025-10-08,09:47:04,18:31:39,125.85,200.00"
"190,Devi Balan,Bengaluru,2025-10-14,08:52:16,18:00:23,250.10,200.00"
"191,Aarav Saini,Shivamogga,2025-10-10,09:47:36,17:33:41,85.35,200.00"
"192,Myra Saini,Mangaluru,2025-10-11,09:20:25,18:03:00,225.60,200.00"
"193,Arnav Reddy,Bengaluru,2025-10-10,08:42:57,17:33:14,240.85,200.00"
"194,Aarav Saini,Shivamogga,2025-10-17,08:33:04,17:10:45,115.10,200.00"
"195,Vanya Deshpande,Hubballi,2025-10-18,08:40:41,18:28:44,75.35,150.00"
"196,Anaya Varma,Mangaluru,2025-10-11,09:05:32,17:34:16,150.60,150.00"
"197,Anika Embranthiri,Shivamogga,2025-10-08,09:38:52,17:41:43,105.85,200.00"
"198,Pari Varma,Hubballi,2025-10-04,09:23:43,18:35:10,110.10,200.00"
"199,Krishna Saini,Mysuru,2025-10-19,09:50:06,18:06:55,140.35,200.00"
"200,Advik Reddy,Hubballi,2025-10-19,08:52:16,18:09:15,100.60,200.00"
"201,Ishaan Reddy,Hubballi,2025-10-16,09:56:56,17:15:33,95.85,200.00"
"202,Riya Deshpande,Shivamogga,2025-10-18,09:13:20,17:59:04,90.10,200.00"
"203,Miss Anaya Balan,Belagavi,2025-10-11,09:59:22,17:41:22,85.35,150.00"
"204,Zara Balakrishnan,Shivamogga,2025-10-04,09:20:01,17:50:57,80.60,200.00"
"205,Anaya Balakrishnan,Bengaluru,2025-10-10,09:33:48,17:33:24,230.85,200.00"
"206,Arjun Reddy,Belagavi,2025-10-18,08:52:19,17:33:41,130.10,200.00"
"207,Anaya Varma,Hubballi,2025-10-14,08:31:01,18:52:33,80.35,200.00"
"208,Dev Saini,Bengaluru,2025-10-09,08:52:16,17:15:28,220.60,200.00"
"209,Dev Balan,Bengaluru,2025-10-16,09:02:18,17:31:02,210.85,150.00"
"210,Myra Reddy,Hubballi,2025-10-13,09:59:40,17:21:05,70.10,200.00"
"211,Vihaan Namboothiri,Mysuru,2025-10-07,09:50:56,17:58:36,105.35,150.00"
"212,Pari Varma,Hubballi,2025-10-17,09:05:50,18:04:19,100.60,200.00"
"213,Ananya Embranthiri,Shivamogga,2025-10-07,08:44:07,17:34:52,75.85,200.00"
"214,Vanya Balan,Bengaluru,2025-10-14,09:44:27,17:09:23,215.10,200.00"
"215,Gopi Varma,Bengaluru,2025-10-14,08:49:18,17:01:21,265.35,250.00"
"216,Zara Namboothiri,Shivamogga,2025-10-10,08:56:22,17:23:38,70.10,200.00"
"217,Pari Saini,Mysuru,2025-10-11,08:35:49,18:56:59,130.60,200.00"
"218,Anaya Varma,Mangaluru,2025-10-15,08:46:17,17:58:24,140.85,150.00"
"219,Aarav Saini,Mangaluru,2025-10-16,08:42:57,18:24:29,200.10,200.00"
"220,Dev Saini,Bengaluru,2025-10-05,09:45:26,17:28:34,205.35,200.00"
"221,Vihaan Reddy,Hubballi,2025-10-02,08:52:19,18:54:19,65.60,200.00"
"222,Dev Balan,Bengaluru,2025-10-10,09:56:09,17:15:28,200.85,150.00"
"223,Reyansh Varma,Belagavi,2025-10-15,09:47:33,18:43:08,120.10,200.00"
"224,Dev Saini,Belagavi,2025-10-15,08:52:16,18:55:04,115.35,200.00"
"225,Vihaan Balan,Hubballi,2025-10-18,09:59:15,18:58:36,60.85,150.00"
"226,Arjun Reddy,Belagavi,2025-10-03,09:33:04,18:53:39,110.60,200.00"
"227,Anika Saini,Bengaluru,2025-10-16,09:12:12,17:49:25,200.10,200.00"
"228,Vanya Saini,Hubballi,2025-10-16,09:21:49,18:02:44,55.10,200.00"
"229,Anika Balakrishnan,Mysuru,2025-10-18,09:26:07,17:34:16,120.35,300.00"
"230,Riya Varma,Shivamogga,2025-10-03,09:05:32,17:46:17,60.60,200.00"
"231,Vivaan Balan,Belagavi,2025-10-04,09:49:13,18:58:39,100.85,150.00"
"232,Vivaan Saini,Mangaluru,2025-10-12,08:51:24,18:14:14,190.10,200.00"
"233,Myra Reddy,Hubballi,2025-10-15,09:56:56,18:06:55,50.35,200.00"
"234,Dev Saini,Bengaluru,2025-10-15,09:34:07,17:28:43,195.60,200.00"
"235,Anaya Balakrishnan,Bengaluru,2025-10-16,09:58:05,17:09:55,190.85,200.00"
"236,Anika Saini,Bengaluru,2025-10-04,08:44:07,17:44:48,185.10,200.00"
"237,Dev Varma,Mysuru,2025-10-10,08:52:16,18:05:14,85.60,150.00"
"238,Anika Saini,Bengaluru,2025-10-11,09:44:59,18:22:50,180.35,200.00"
"239,Aarav Saini,Shivamogga,2025-10-05,09:58:17,17:15:33,50.85,200.00"
"240,Miss Vanya Reddy,Belagavi,2025-10-12,09:12:43,18:49:18,90.10,150.00"
"241,Miss Anaya Balan,Belagavi,2025-10-15,09:45:26,17:24:29,85.35,150.00"
"242,Anika Saini,Shivamogga,2025-10-09,09:20:01,17:41:22,130.60,300.00"
"243,Ananya Embranthiri,Shivamogga,2025-10-12,09:47:36,18:22:30,45.10,200.00"
"244,Anika Saini,Bengaluru,2025-10-09,09:02:18,17:28:34,170.60,200.00"
"245,Vihaan Balan,Hubballi,2025-10-03,09:23:43,18:03:00,45.85,150.00"
"246,Pari Saini,Mysuru,2025-10-03,09:26:07,17:33:14,110.10,200.00"
"247,Aarav Saini,Mangaluru,2025-10-14,09:59:15,18:09:15,180.35,200.00"
"248,Vivaan Embranthiri,Bengaluru,2025-10-17,09:05:32,18:59:15,165.85,200.00"
"249,Dev Varma,Mysuru,2025-10-18,09:56:09,17:23:38,80.35,150.00"
"250,Anika Saini,Shivamogga,2025-10-05,09:37:37,17:41:43,125.60,300.00"
"251,Gopi Varma,Bengaluru,2025-10-11,09:23:05,17:31:02,215.10,250.00"
"252,Dev Varma,Mysuru,2025-10-10,09:59:22,17:22:50,75.60,150.00"
"253,Vanya Saini,Hubballi,2025-10-15,09:13:20,17:21:05,40.10,200.00"
"254,Vivaan Saini,Mangaluru,2025-10-18,08:52:19,17:02:47,170.85,200.00"
"255,Reyansh Varma,Belagavi,2025-10-04,09:16:32,17:58:39,80.60,200.00"
"256,Riya Varma,Shivamogga,2025-10-08,08:44:02,17:15:28,40.85,200.00"
"257,Vihaan Reddy,Hubballi,2025-10-06,09:44:27,18:05:40,35.35,200.00"
"258,Vanya Saini,Hubballi,2025-10-08,09:34:07,17:10:04,30.60,200.00"
"259,Aarav Saini,Mangaluru,2025-10-13,09:32:00,17:58:05,165.10,200.00"
"260,Dev Balan,Bengaluru,2025-10-13,09:41:07,17:01:21,160.35,150.00"
"261,Anaya Balakrishnan,Bengaluru,2025-10-09,09:58:50,18:44:03,155.60,200.00"
"262,Vihaan Reddy,Hubballi,2025-10-09,09:20:25,18:31:38,25.10,200.00"
"263,Myra Reddy,Hubballi,2025-10-16,08:49:18,17:41:19,20.35,200.00"
"264,Anika Saini,Bengaluru,2025-10-14,09:32:55,17:15:28,150.85,200.00"
"265,Vivaan Saini,Mangaluru,2025-10-18,09:59:40,18:05:14,160.10,200.00"
"266,Gopi Varma,Bengaluru,2025-10-12,08:42:15,18:49:18,205.35,250.00"
"267,Myra Reddy,Hubballi,2025-10-16,09:05:50,18:41:40,15.60,200.00"
"268,Arjun Reddy,Belagavi,2025-10-13,09:58:17,17:10:45,75.85,200.00"
"269,Arjun Reddy,Belagavi,2025-10-18,08:45:51,18:31:39,70.10,200.00"
"270,Myra Saini,Mangaluru,2025-10-16,09:00:36,18:04:19,150.35,200.00"
"271,Arjun Reddy,Belagavi,2025-10-15,08:31:56,18:22:42,65.35,200.00"
"272,Vanya Saini,Hubballi,2025-10-03,09:02:11,18:24:29,10.10,200.00"
"273,Riya Varma,Shivamogga,2025-10-06,09:38:52,18:16:05,35.60,200.00"
"274,Anika Balakrishnan,Mysuru,2025-10-03,08:46:17,17:28:34,105.85,300.00"
"275,Miss Anaya Balan,Belagavi,2025-10-11,09:32:00,18:37:37,80.10,150.00"
"276,Pari Saini,Mysuru,2025-10-12,08:48:47,17:15:33,100.35,200.00"
"277,Arjun Reddy,Belagavi,2025-10-03,09:44:59,17:10:04,60.60,200.00"
"278,Anika Saini,Bengaluru,2025-10-13,08:44:07,17:58:36,145.10,200.00"
"279,Dev Balan,Bengaluru,2025-10-12,09:21:49,18:55:04,140.35,150.00"
"280,Riya Varma,Shivamogga,2025-10-16,08:52:16,18:38:29,30.10,200.00"
"281,Gopi Varma,Bengaluru,2025-10-11,09:59:22,18:22:50,200.60,250.00"
"282,Dev Saini,Bengaluru,2025-10-02,09:05:32,17:28:43,135.60,200.00"
"283,Arnav Reddy,Bengaluru,2025-10-14,08:48:30,17:58:24,130.85,200.00"
"284,Myra Reddy,Hubballi,2025-10-19,09:14:02,17:09:55,5.60,200.00"
"285,Ananya Embranthiri,Shivamogga,2025-10-14,08:58:20,18:50:52,25.35,200.00"
"286,Arjun Reddy,Belagavi,2025-10-18,09:47:33,18:40:48,55.85,200.00"
"287,Dev Saini,Bengaluru,2025-10-06,08:35:49,18:58:05,125.10,200.00"
"288,Vihaan Reddy,Hubballi,2025-10-19,09:47:04,18:02:44,0.10,200.00"
"289,Pari Varma,Hubballi,2025-10-06,09:06:40,18:18:24,80.35,200.00"
"290,Pari Varma,Hubballi,2025-10-09,09:56:56,18:31:38,75.60,200.00"
"291,Arjun Reddy,Belagavi,2025-10-18,08:35:54,17:41:22,50.10,200.00"
"292,Vivaan Saini,Mangaluru,2025-10-05,09:10:45,17:34:16,145.60,200.00"
"293,Gopi Varma,Bengaluru,2025-10-14,09:12:43,17:33:41,195.85,250.00"
"294,Myra Saini,Mangaluru,2025-10-07,09:49:13,18:43:08,140.10,200.00"
"295,Ananya Embranthiri,Shivamogga,2025-10-09,08:56:22,17:05:40,20.60,200.00"
"296,Dev Saini,Belagavi,2025-10-04,09:33:48,17:58:02,45.35,200.00"
"297,Anika Balakrishnan,Mysuru,2025-10-11,09:45:00,18:07:31,95.10,300.00"
"298,Vihaan Balan,Hubballi,2025-10-07,08:52:19,17:45:09,70.85,150.00"
"299,Pari Saini,Mysuru,2025-10-12,08:37:37,17:59:04,90.35,200.00"
"300,Arjun Reddy,Belagavi,2025-10-08,09:19:24,18:31:01,40.60,200.00"
"301,Anika Saini,Bengaluru,2025-10-14,09:47:36,18:26:07,120.10,200.00"
"302,Vihaan Reddy,Hubballi,2025-10-11,09:05:50,18:18:03,65.10,200.00"
"303,Myra Reddy,Hubballi,2025-10-09,08:48:30,17:58:39,60.35,200.00"
"304,Anaya Balakrishnan,Bengaluru,2025-10-05,09:28:16,17:47:33,115.35,200.00"
"305,Anika Balakrishnan,Mysuru,2025-10-02,08:58:08,18:53:39,85.60,300.00"
"306,Vihaan Balan,Hubballi,2025-10-02,09:59:15,18:52:33,55.60,150.00"
"307,Anika Saini,Bengaluru,2025-10-19,09:50:06,17:22:42,110.60,200.00"
"308,Pari Varma,Hubballi,2025-10-09,09:20:01,17:01:21,50.85,200.00"
"309,Vivaan Embranthiri,Bengaluru,2025-10-03,09:23:05,17:34:52,105.10,200.00"
"310,Riya Varma,Shivamogga,2025-10-08,08:52:16,18:19:12,15.85,200.00"
"311,Arnav Reddy,Bengaluru,2025-10-03,09:30:17,17:10:45,100.35,200.00"
"312,Dev Saini,Belagavi,2025-10-11,09:01:21,17:16:05,35.85,200.00"
"313,Arjun Reddy,Belagavi,2025-10-03,09:55:53,17:22:50,30.10,200.00"
"314,Arnav Reddy,Bengaluru,2025-10-12,08:49:57,17:28:10,95.60,200.00"
"315,Anaya Varma,Hubballi,2025-10-10,09:02:18,17:33:24,45.10,200.00"
"316,Anika Saini,Shivamogga,2025-10-18,09:58:17,18:44:03,115.35,300.00"
"317,Dev Saini,Bengaluru,2025-10-13,09:52:10,18:49:12,90.85,200.00"
"318,Dev Varma,Mysuru,2025-10-19,09:47:33,18:12:12,70.10,150.00"
"319,Myra Saini,Mangaluru,2025-10-05,09:14:15,18:59:15,130.35,200.00"
"320,Anika Saini,Bengaluru,2025-10-08,08:52:03,17:58:36,85.35,200.00"
"321,Reyansh Varma,Belagavi,2025-10-11,09:35:54,17:50:57,25.60,200.00"
"322,Anika Saini,Shivamogga,2025-10-11,09:31:01,17:09:03,110.10,300.00"
"323,Vihaan Balan,Hubballi,2025-10-18,09:13:00,18:00:23,40.60,150.00"
"324,Vivaan Embranthiri,Bengaluru,2025-10-07,08:42:57,17:31:02,80.85,200.00"
"325,Anaya Varma,Hubballi,2025-10-17,09:08:24,18:22:30,35.10,200.00"
"326,Anika Balakrishnan,Mysuru,2025-10-07,08:33:04,18:28:44,75.35,300.00"
"327,Miss Anaya Balan,Belagavi,2025-10-07,09:27:14,18:44:27,70.60,150.00"
"328,Pari Varma,Hubballi,2025-10-07,08:51:24,18:14:14,30.35,200.00"
"329,Vivaan Saini,Mangaluru,2025-10-10,09:56:56,18:06:55,125.10,200.00"
"330,Riya Varma,Shivamogga,2025-10-10,08:31:01,18:03:00,10.10,200.00"
"331,Vivaan Embranthiri,Bengaluru,2025-10-08,09:22:15,17:02:47,75.10,200.00"
"332,Anika Saini,Shivamogga,2025-10-19,09:26:07,18:09:15,105.35,300.00"
"333,Anika Saini,Bengaluru,2025-10-10,09:58:50,17:33:14,70.35,200.00"
"334,Riya Varma,Shivamogga,2025-10-16,08:44:31,18:49:18,5.35,200.00"
"335,Ananya Embranthiri,Shivamogga,2025-10-05,09:32:55,17:28:34,0.60,200.00"
"336,Anika Balakrishnan,Mysuru,2025-10-13,09:46:18,17:24:41,65.60,300.00"
"337,Arnav Reddy,Bengaluru,2025-10-11,08:52:19,18:16:21,65.85,200.00"
"338,Anika Balakrishnan,Mysuru,2025-10-16,09:49:13,18:12:12,60.10,300.00"
"339,Arnav Reddy,Bengaluru,2025-10-07,08:37:24,17:17:10,60.35,200.00"
"340,Pari Varma,Hubballi,2025-10-16,09:30:11,18:52:33,25.85,200.00"
"341,Anaya Balakrishnan,Bengaluru,2025-10-05,09:33:04,18:16:05,55.10,200.00"
"342,Pari Varma,Hubballi,2025-10-14,09:59:22,17:35:10,20.10,200.00"
"343,Anika Saini,Bengaluru,2025-10-17,08:52:43,18:07:31,50.35,200.00"
"344,Gopi Varma,Bengaluru,2025-10-06,09:45:26,17:58:24,190.60,250.00"
"345,Arnav Reddy,Bengaluru,2025-10-12,08:41:14,17:22:42,45.60,200.00"
"346,Arnav Reddy,Bengaluru,2025-10-10,09:10:45,18:56:59,40.85,200.00"
"347,Vivaan Embranthiri,Bengaluru,2025-10-18,09:08:47,17:34:16,35.10,200.00"
"348,Miss Anaya Balan,Belagavi,2025-10-12,09:32:00,18:22:42,60.35,150.00"
"349,Vanya Saini,Hubballi,2025-10-12,09:47:04,17:20:29,15.10,200.00"
"350,Anaya Varma,Hubballi,2025-10-07,09:14:02,17:33:41,10.35,200.00"
"351,Dev Saini,Belagavi,2025-10-07,09:51:30,17:17:10,20.85,200.00"
"352,Vihaan Balan,Hubballi,2025-10-14,08:34:57,18:50:52,5.60,150.00"
"353,Vivaan Saini,Mangaluru,2025-10-17,09:34:07,17:41:43,120.10,200.00"
"354,Myra Reddy,Hubballi,2025-10-14,09:05:32,18:18:24,0.85,200.00"
"355,Reyansh Varma,Belagavi,2025-10-14,08:49:18,17:09:55,15.10,200.00"
"356,Anika Saini,Bengaluru,2025-10-13,09:04:12,17:33:24,30.35,200.00"
"357,Anika Saini,Bengaluru,2025-10-14,08:58:08,18:31:39,25.60,200.00"
"358,Vihaan Balan,Hubballi,2025-10-09,08:41:49,18:35:10,0.10,150.00"
"359,Vivaan Embranthiri,Bengaluru,2025-10-18,09:38:52,18:49:12,20.85,200.00"
"360,Myra Reddy,Hubballi,2025-10-07,08:42:15,18:05:40,0.35,200.00"
"361,Dev Saini,Bengaluru,2025-10-17,08:45:51,18:31:01,15.10,200.00"
"362,Anika Saini,Bengaluru,2025-10-19,09:04:47,17:09:03,10.35,200.00"
"363,Anika Balakrishnan,Mysuru,2025-10-15,09:12:12,17:28:43,50.60,300.00"
"364,Anika Saini,Shivamogga,2025-10-05,09:23:43,18:58:02,90.85,300.00"
"365,Vivaan Embranthiri,Bengaluru,2025-10-13,09:47:33,18:11:47,5.60,200.00"
"366,Vanya Saini,Hubballi,2025-10-15,09:13:20,17:24:29,0.85,200.00"
"367,Arjun Reddy,Belagavi,2025-10-14,09:44:27,18:02:44,5.10,200.00"
"368,Anika Saini,Bengaluru,2025-10-05,09:00:36,17:49:25,5.85,200.00"
"369,Vivaan Saini,Mangaluru,2025-10-17,08:31:56,17:59:04,115.10,200.00"
"370,Ananya Embranthiri,Shivamogga,2025-10-06,09:08:24,18:22:42,0.35,200.00"
"371,Anika Saini,Bengaluru,2025-10-04,08:52:16,18:05:14,0.10,200.00"
"372,Miss Anaya Balan,Belagavi,2025-10-19,09:19:24,18:23:43,55.35,150.00"
"373,Dev Saini,Bengaluru,2025-10-09,09:47:36,18:19:12,0.35,200.00"
"374,Pari Saini,Mysuru,2025-10-11,09:50:56,18:41:40,45.60,200.00"
"375,Miss Anaya Balan,Belagavi,2025-10-05,09:58:05,18:58:24,50.60,150.00"
"376,Gopi Varma,Bengaluru,2025-10-11,09:06:40,17:15:28,185.85,250.00"
"377,Vihaan Reddy,Hubballi,2025-10-19,09:45:00,18:31:38,0.85,200.00"
"378,Dev Saini,Belagavi,2025-10-03,09:01:21,18:37:37,0.10,200.00"
"379,Dev Saini,Belagavi,2025-10-07,08:52:03,17:21:05,0.35,200.00"
"380,Anika Saini,Shivamogga,2025-10-14,08:37:37,17:09:23,85.10,300.00"
"381,Vihaan Balan,Hubballi,2025-10-02,09:59:40,17:22:50,0.60,150.00"
"382,Vihaan Reddy,Hubballi,2025-10-19,09:02:11,17:01:21,0.85,200.00"
"383,Myra Reddy,Hubballi,2025-10-04,08:58:20,17:41:19,0.10,200.00"
"384,Myra Reddy,Hubballi,2025-10-19,09:16:32,17:28:34,0.35,200.00"
"385,Anaya Varma,Mangaluru,2025-10-06,09:35:54,17:50:57,135.35,150.00"
"386,Anaya Varma,Mangaluru,2025-10-13,09:32:00,18:00:23,130.60,150.00"
"387,Myra Saini,Mangaluru,2025-10-12,08:48:30,17:45:09,110.85,200.00"
"388,Anika Saini,Shivamogga,2025-10-17,08:48:35,17:34:52,80.35,300.00"
"389,Dev Varma,Mysuru,2025-10-06,09:37:37,17:23:38,40.10,150.00"
"390,Reyansh Varma,Belagavi,2025-10-14,09:50:06,18:40:48,0.60,200.00"
"391,Myra Saini,Mangaluru,2025-10-11,09:02:18,17:10:04,105.10,200.00"
"392,Vanya Saini,Hubballi,2025-10-19,09:47:54,18:24:29,0.10,200.00"
"393,Pari Saini,Mysuru,2025-10-10,09:56:56,18:04:19,35.35,200.00"
"394,Vivaan Saini,Mangaluru,2025-10-03,09:05:50,17:46:17,100.35,200.00"
"395,Anaya Varma,Mangaluru,2025-10-07,08:40:41,18:22:42,125.60,150.00"
"396,Anaya Varma,Mangaluru,2025-10-12,09:07:37,18:43:08,120.85,150.00"
"397,Myra Saini,Mangaluru,2025-10-19,08:41:14,17:58:39,95.60,200.00"
"398,Miss Anaya Balan,Belagavi,2025-10-16,09:20:25,18:59:15,45.85,150.00"
"399,Vihaan Balan,Hubballi,2025-10-11,09:44:59,17:09:55,0.35,150.00"
"400,Vivaan Saini,Mangaluru,2025-10-12,09:27:14,18:31:39,90.10,200.00"
"401,Dev Varma,Mysuru,2025-10-06,09:14:15,18:03:00,30.85,150.00"
"402,Vivaan Saini,Mangaluru,2025-10-03,09:46:18,17:58:02,85.35,200.00"
"403,Myra Reddy,Hubballi,2025-10-11,09:13:00,18:26:07,0.60,200.00"
"404,Dev Saini,Bengaluru,2025-10-19,09:04:47,18:58:05,0.85,200.00"
"405,Vihaan Balan,Hubballi,2025-10-13,09:28:16,18:54:19,0.10,150.00"
"406,Anaya Balakrishnan,Bengaluru,2025-10-15,08:42:57,17:28:10,0.35,200.00"
"407,Anika Balakrishnan,Mysuru,2025-10-16,08:52:16,18:49:18,25.10,300.00"
"408,Vanya Saini,Hubballi,2025-10-04,09:59:15,17:24:41,0.60,200.00"
"409,Anaya Balakrishnan,Bengaluru,2025-10-07,09:14:02,17:34:16,0.85,200.00"
"410,Vivaan Saini,Mangaluru,2025-10-13,09:30:11,18:41:40,80.60,200.00"
"411,Ananya Embranthiri,Shivamogga,2025-10-12,08:48:47,17:22:50,0.10,200.00"
"412,Anaya Varma,Mangaluru,2025-10-12,09:51:30,18:53:39,115.85,150.00"
"413,Ananya Embranthiri,Shivamogga,2025-10-05,09:47:33,18:50:52,0.35,200.00"
"414,Arjun Reddy,Belagavi,2025-10-15,09:47:04,18:22:30,0.60,200.00"
"415,Gopi Varma,Bengaluru,2025-10-02,08:52:19,17:41:22,180.10,250.00"
"416,Reyansh Varma,Belagavi,2025-10-18,09:47:36,18:52:33,0.85,200.00"
"417,Anika Saini,Shivamogga,2025-10-14,08:44:07,17:21:05,75.10,300.00"
"418,Vivaan Embranthiri,Bengaluru,2025-10-02,09:21:49,17:20:29,0.10,200.00"
"419,Myra Saini,Mangaluru,2025-10-18,09:05:32,18:16:21,75.85,200.00"
"420,Anika Saini,Shivamogga,2025-10-12,09:58:05,18:58:36,70.35,300.00"
"421,Anaya Balakrishnan,Bengaluru,2025-10-11,08:33:04,18:18:03,0.35,200.00"
"422,Vivaan Embranthiri,Bengaluru,2025-10-03,09:12:12,18:59:15,0.60,200.00"
"423,Dev Saini,Bengaluru,2025-10-12,09:58:50,18:55:04,0.85,200.00"
"424,Dev Varma,Mysuru,2025-10-11,09:52:10,17:15:33,20.60,150.00"
"425,Dev Saini,Belagavi,2025-10-09,09:13:20,18:02:44,0.10,200.00"
"426,Reyansh Varma,Belagavi,2025-10-06,09:50:56,18:07:31,0.35,200.00"
"427,Anika Saini,Shivamogga,2025-10-09,08:42:15,18:06:55,65.60,300.00"
"428,Vihaan Balan,Hubballi,2025-10-18,08:40:40,17:09:03,0.60,150.00"
"429,Ananya Embranthiri,Shivamogga,2025-10-11,09:49:55,18:05:14,0.85,200.00"
"430,Anika Balakrishnan,Mysuru,2025-10-09,09:10:45,17:24:29,15.85,300.00"
"431,Reyansh Varma,Belagavi,2025-10-14,08:48:35,17:41:43,0.10,200.00"
"432,Ananya Embranthiri,Shivamogga,2025-10-03,08:30:19,17:09:23,0.35,200.00"
"433,Dev Saini,Bengaluru,2025-10-19,09:07:37,17:01:21,0.60,200.00"
"434,Pari Saini,Mysuru,2025-10-17,08:45:51,18:56:59,10.10,200.00"
"435,Anaya Varma,Mangaluru,2025-10-13,08:31:01,18:43:08,110.10,150.00"
"436,Anika Saini,Shivamogga,2025-10-19,09:55:53,17:02:47,60.85,300.00"
"437,Dev Saini,Bengaluru,2025-10-11,09:33:48,17:05:40,0.10,200.00"
"438,Anika Saini,Shivamogga,2025-10-03,08:44:02,18:31:38,55.35,300.00"
"439,Arnav Reddy,Bengaluru,2025-10-14,09:22:15,18:14:14,0.35,200.00"
"440,Pari Saini,Mysuru,2025-10-19,09:47:54,18:09:15,5.35,200.00"
"441,Anaya Balakrishnan,Bengaluru,2025-10-12,09:31:01,18:12:12,0.60,200.00"
"442,Arjun Reddy,Belagavi,2025-10-09,08:52:16,18:28:44,0.85,200.00"
"443,Dev Saini,Bengaluru,2025-10-05,09:12:43,18:58:39,0.10,200.00"
"444,Vanya Saini,Hubballi,2025-10-02,08:37:24,18:44:27,0.35,200.00"
"445,Reyansh Varma,Belagavi,2025-10-05,09:20:01,17:10:45,0.60,200.00"
"446,Ananya Embranthiri,Shivamogga,2025-10-10,09:06:40,17:47:33,0.85,200.00"
"447,Vivaan Saini,Mangaluru,2025-10-15,08:35:49,18:11:47,70.60,200.00"
"448,Vanya Saini,Hubballi,2025-10-11,09:41:07,17:58:24,0.10,200.00"
"449,Arnav Reddy,Bengaluru,2025-10-13,09:32:00,18:22:42,0.35,200.00"
"450,Anaya Varma,Mangaluru,2025-10-19,09:56:09,18:04:19,105.10,150.00"
"451,Myra Saini,Mangaluru,2025-10-17,09:13:00,17:28:34,65.85,200.00"
"452,Pari Varma,Hubballi,2025-10-05,09:23:05,17:22:42,0.60,200.00"
"453,Anaya Varma,Mangaluru,2025-10-13,09:00:36,17:46:17,100.35,150.00"
"454,Anika Balakrishnan,Mysuru,2025-10-10,09:44:27,17:33:14,0.85,300.00"
"455,Vihaan Balan,Hubballi,2025-10-10,09:26:07,18:16:05,0.10,150.00"
"456,Myra Saini,Mangaluru,2025-10-06,09:49:13,18:00:23,60.10,200.00"
"457,Myra Saini,Mangaluru,2025-10-13,08:49:57,17:41:19,55.35,200.00"
"458,Dev Saini,Belagavi,2025-10-15,09:34:07,17:34:16,0.35,200.00"
"459,Arjun Reddy,Belagavi,2025-10-04,08:33:57,17:33:41,0.60,200.00"
"460,Dev Saini,Belagavi,2025-10-15,09:02:11,17:24:41,0.85,200.00"
"461,Anaya Varma,Hubballi,2025-10-09,08:44:31,18:31:01,0.10,200.00"
"462,Pari Saini,Mysuru,2025-10-06,08:40:41,18:18:24,0.35,200.00"
"463,Vanya Saini,Hubballi,2025-10-06,09:08:24,17:15:28,0.60,200.00"
"464,Anika Saini,Bengaluru,2025-10-10,08:52:16,18:58:24,0.85,200.00"
"465,Anika Balakrishnan,Mysuru,2025-10-11,09:45:00,17:22:50,0.10,300.00"
"466,Myra Saini,Mangaluru,2025-10-18,09:33:04,18:59:15,50.60,200.00"
"467,Anika Balakrishnan,Mysuru,2025-10-09,09:12:12,18:16:21,0.35,300.00"
"468,Pari Varma,Hubballi,2025-10-11,09:32:55,17:44:48,0.60,200.00"
"469,Dev Varma,Mysuru,2025-10-19,09:47:33,18:38:29,0.85,150.00"
"470,Pari Varma,Hubballi,2025-10-06,08:46:17,17:58:36,0.10,200.00"
"471,Vivaan Saini,Mangaluru,2025-10-05,09:28:16,17:58:05,45.85,200.00"
"472,Anaya Varma,Hubballi,2025-10-14,08:51:24,18:31:38,0.35,200.00"
"473,Anaya Balakrishnan,Bengaluru,2025-10-03,09:27:14,17:17:10,0.60,200.00"
"474,Arnav Reddy,Bengaluru,2025-10-08,08:41:49,18:05:40,0.85,200.00"
"475,Vihaan Balan,Hubballi,2025-10-09,09:14:15,18:35:10,0.10,150.00"
"476,Ananya Embranthiri,Shivamogga,2025-10-19,09:38:52,18:53:39,0.35,200.00"
"477,Vihaan Reddy,Hubballi,2025-10-12,08:52:43,18:40:48,0.60,200.00"
"478,Anaya Balakrishnan,Bengaluru,2025-10-02,09:47:54,18:23:43,0.85,200.00"
"479,Reyansh Varma,Belagavi,2025-10-04,09:30:17,18:19:12,0.10,200.00"
"480,Dev Varma,Mysuru,2025-10-02,08:56:22,18:16:05,0.35,150.00"
"481,Dev Saini,Belagavi,2025-10-11,09:58:17,17:58:39,0.60,200.00"
"482,Myra Saini,Mangaluru,2025-10-10,08:52:16,17:30:17,40.10,200.00"
"483,Reyansh Varma,Belagavi,2025-10-11,09:08:47,18:22:30,0.85,200.00"
"484,Myra Saini,Mangaluru,2025-10-07,09:19:24,18:49:12,35.35,200.00"
"485,Ananya Embranthiri,Shivamogga,2025-10-18,08:58:20,17:34:52,0.10,200.00"
"486,Arjun Reddy,Belagavi,2025-10-15,08:40:40,17:28:43,0.35,200.00"
"487,Dev Saini,Belagavi,2025-10-05,09:01:21,17:15:28,0.60,200.00"
"488,Vihaan Reddy,Hubballi,2025-10-06,09:44:59,18:44:03,0.85,200.00"
"489,Anaya Varma,Mangaluru,2025-10-12,08:34:57,17:28:34,90.60,150.00"
"490,Dev Varma,Mysuru,2025-10-11,09:45:26,17:31:02,0.10,150.00"
"491,Myra Reddy,Hubballi,2025-10-07,09:55:53,17:09:55,0.35,200.00"
"492,Anika Saini,Bengaluru,2025-10-17,08:33:04,17:35:10,0.60,200.00"
"493,Anika Saini,Bengaluru,2025-10-16,08:48:30,17:59:04,0.85,200.00"
"494,Anika Saini,Bengaluru,2025-10-12,09:37:37,17:49:25,0.10,200.00"
"495,Vihaan Balan,Hubballi,2025-10-03,09:46:18,17:41:22,0.35,150.00"
"496,Myra Saini,Mangaluru,2025-10-04,08:35:54,17:47:33,30.85,200.00"
"497,Vivaan Saini,Mangaluru,2025-10-05,08:48:35,17:16:05,25.10,200.00"
"498,Vivaan Saini,Mangaluru,2025-10-16,09:58:05,18:52:33,20.35,200.00"
"499,Myra Reddy,Hubballi,2025-10-12,08:31:56,17:58:24,0.60,200.00"
"500,Dev Varma,Mysuru,2025-10-16,09:59:22,18:44:27,0.85,150.00"
"501,Vanya Varma,Belagavi,2025-10-13,09:20:25,18:04:19,20.10,300.00"
"502,Aarav Balakrishnan,Shivamogga,2025-10-18,08:44:07,17:09:23,0.35,200.00"
"503,Aarav Saini,Shivamogga,2025-10-10,08:44:31,18:31:39,0.60,200.00"
"504,Lakshmi Balan,Mysuru,2025-10-13,09:58:17,17:07:31,0.85,300.00"
"505,Arjun Embranthiri,Belagavi,2025-10-03,09:08:24,18:49:18,15.35,200.00"
"506,Advik Balan,Bengaluru,2025-10-15,09:30:17,17:41:43,0.10,300.00"
"507,Anika Varrier,Hubballi,2025-10-16,08:52:19,17:15:33,0.35,200.00"
"508,Aarav Balan,Belagavi,2025-10-07,08:42:15,18:05:14,40.60,150.00"
"509,Miss Aarav Balan,Belagavi,2025-10-06,09:23:43,18:56:59,35.85,150.00"
"510,Aarav Balan,Mysuru,2025-10-06,09:47:04,17:21:05,0.60,150.00"
"511,Reyansh Varma,Belagavi,2025-10-13,09:59:40,18:28:44,10.85,200.00"
"512,Kabir Kapoor,Belagavi,2025-10-13,09:50:06,17:24:29,5.10,200.00"
"513,Arnav Balan,Mangaluru,2025-10-11,09:13:00,18:22:42,15.35,200.00"
"514,Aarav Namboothiri,Bengaluru,2025-10-04,08:44:02,17:28:43,0.35,200.00"
"515,Miss Meera Varma,Hubballi,2025-10-17,09:44:59,18:00:23,0.60,150.00"
"516,Kabir Varma,Belagavi,2025-10-06,09:14:02,17:34:16,10.60,200.00"
"517,Anika Varrier,Hubballi,2025-10-15,08:52:16,18:58:36,0.85,200.00"
"518,Vanya Balan,Bengaluru,2025-10-08,08:42:57,17:20:29,0.10,200.00"
"519,Miss Vanya Reddy,Belagavi,2025-10-13,08:31:01,17:31:02,30.10,150.00"
"520,Anika Deshpande,Mysuru,2025-10-10,08:41:49,18:06:55,0.35,150.00"
"521,Arnav Balan,Belagavi,2025-10-03,09:02:18,17:58:39,5.85,200.00"
"522,Saanvi Pillai,Mangaluru,2025-10-13,09:04:12,17:09:03,10.10,200.00"
"523,Fatima Varma,Mangaluru,2025-10-07,09:26:07,17:41:19,25.35,150.00"
"524,Mrs. Pari Deshpande,Shivamogga,2025-10-10,09:32:00,18:50:52,0.60,200.00"
"525,Advik Pillai,Bengaluru,2025-10-02,09:59:15,18:54:19,0.85,200.00"
"526,Aarav Saini,Mangaluru,2025-10-19,09:01:21,18:14:14,5.35,150.00"
"527,Vanya Balan,Bengaluru,2025-10-10,09:13:20,18:59:15,0.10,300.00"
"528,Vivaan Balan,Belagavi,2025-10-11,09:47:33,18:58:24,20.60,150.00"
"529,Ishaan Cherian,Mangaluru,2025-10-08,09:05:32,17:15:28,5.60,200.00"
"530,Pihu Saini,Bengaluru,2025-10-16,09:21:49,17:22:42,0.35,200.00"
"531,Myra Balan,Belagavi,2025-10-10,09:56:56,18:05:40,15.10,150.00"
"532,Miss Pari Balakrishnan,Hubballi,2025-10-03,09:19:24,18:02:44,0.60,150.00"
"533,Gopi Varma,Shivamogga,2025-10-16,08:52:16,18:18:03,0.85,200.00"
"534,Dr. Reyansh Balan,Shivamogga,2025-10-04,09:45:00,17:28:34,0.10,300.00"
"535,Meera Nambeesan,Mangaluru,2025-10-07,09:32:55,18:22:50,0.35,200.00"
"536,Aarav Varrier,Mysuru,2025-10-07,09:37:37,17:30:17,0.60,150.00"
"537,Rohan Varma,Mangaluru,2025-10-10,08:52:43,18:41:40,0.85,300.00"
"538,Krishna Namboothiri,Mangaluru,2025-10-17,08:35:49,17:34:52,0.10,200.00"
"539,Riya Balan,Shivamogga,2025-10-16,09:58:05,18:55:04,0.35,150.00"
"540,Saanvi Namboothiri,Bengaluru,2025-10-19,09:33:04,18:58:02,0.60,150.00"
"541,Dev Varma,Mysuru,2025-10-15,08:46:17,17:10:04,0.85,150.00"
"542,Pari Balan,Hubballi,2025-10-19,09:44:27,18:22:30,0.10,200.00"
"543,Miss Zara Reddy,Belagavi,2025-10-19,08:51:24,18:44:03,10.35,150.00"
"544,Arnav Balan,Belagavi,2025-10-18,09:00:36,17:22:50,5.60,150.00"
"545,Fatima Reddy,Belagavi,2025-10-17,09:12:43,17:09:55,0.85,200.00"
"546,Anshuman Embranthiri,Bengaluru,2025-10-14,08:41:14,17:05:40,0.10,300.00"
"547,Zara Namboothiri,Shivamogga,2025-10-02,08:48:30,17:58:05,0.35,200.00"
"548,Vivaan Pillai,Bengaluru,2025-10-06,09:12:12,18:52:33,0.60,300.00"
"549,Zara Pillai,Shivamogga,2025-10-16,08:37:24,17:01:21,0.85,200.00"
"550,Vanya Varrier,Hubballi,2025-10-09,08:31:56,18:43:08,0.10,300.00"
"551,Anika Saini,Hubballi,2025-10-15,09:47:36,18:16:21,0.35,300.00"
"552,Saanvi Deshpande,Hubballi,2025-10-16,09:16:32,17:23:38,0.60,200.00"
"553,Vanya Saini,Hubballi,2025-10-13,09:38:52,17:59:04,0.85,200.00"
"554,Rohan Namboothiri,Belagavi,2025-10-02,09:07:37,18:24:29,0.10,300.00"
"555,Anika Balan,Hubballi,2025-10-12,08:49:57,17:10:45,0.35,150.00"
"556,Aarav Saini,Bengaluru,2025-10-15,08:45:51,18:31:38,0.60,200.00"
"557,Mrs. Anika Namboothiri,Bengaluru,2025-10-08,09:34:07,18:04:19,0.85,300.00"
"558,Anaya Pillai,Belagavi,2025-10-04,09:27:14,18:49:12,0.10,150.00"
"559,Arjun Saini,Bengaluru,2025-10-10,09:59:22,17:24:41,0.35,300.00"
"560,Myra Cherian,Shivamogga,2025-10-04,09:52:10,18:26:07,0.60,300.00"
"561,Myra Varma,Mangaluru,2025-10-06,09:08:47,17:16:05,0.85,200.00"
"562,Mohammed Deshpande,Bengaluru,2025-10-11,09:51:30,17:02:47,0.10,300.00"
"563,Myra Balan,Shivamogga,2025-10-08,08:35:54,18:40:48,0.35,300.00"
"564,Arjun Cherian,Hubballi,2025-10-11,09:20:01,17:49:25,0.60,200.00"
"565,Saanvi Kapoor,Mangaluru,2025-10-10,08:58:08,18:09:15,0.85,200.00"
"566,Miss Riya Ahuja,Mangaluru,2025-10-07,09:04:47,18:18:24,0.10,200.00"
"567,Kabir Balakrishnan,Mysuru,2025-10-02,08:52:03,17:17:10,0.35,200.00"
"568,Aarav Mishra,Hubballi,2025-10-19,09:10:45,17:33:24,0.60,200.00"
"569,Advik Namboothiri,Mysuru,2025-10-10,09:41:07,17:58:24,0.85,150.00"
"570,Aarav Saini,Shivamogga,2025-10-02,09:06:40,18:07:31,0.10,200.00"
"571,Aarav Saini,Mangaluru,2025-10-08,09:47:54,17:50:57,0.35,150.00"
"572,Arnav Saini,Shivamogga,2025-10-19,09:28:16,18:31:01,0.60,200.00"
"573,Rohan Balan,Belagavi,2025-10-15,09:46:18,17:28:10,0.85,300.00"
"574,Devi Saini,Mysuru,2025-10-14,09:50:56,18:12:12,0.10,300.00"
"575,Rohan Balan,Belagavi,2025-10-08,09:56:09,18:23:43,0.35,150.00"
"576,Anika Singh,Mangaluru,2025-10-13,09:55:53,17:33:14,0.60,150.00"
"577,Pari Balakrishnan,Mangaluru,2025-10-17,09:14:15,18:44:27,0.85,200.00"
"578,Vivaan Saini,Bengaluru,2025-10-09,09:22:15,17:46:17,0.10,300.00"
"579,Ishaan Saini,Hubballi,2025-10-19,09:23:05,17:35:10,0.35,300.00"
"580,Lakshmi Balakrishnan,Hubballi,2025-10-16,09:58:50,18:19:12,0.60,250.00"
"581,Dr. Anika Namboothiri,Belagavi,2025-10-19,08:33:04,18:37:37,0.85,250.00"
"582,Pihu Zacharia,Mangaluru,2025-10-18,08:56:22,17:33:41,0.10,250.00"
"583,Saanvi Saini,Bengaluru,2025-10-07,09:49:13,18:11:47,0.35,200.00"
"584,Myra Deshpande,Mangaluru,2025-10-09,09:30:11,18:38:29,0.60,200.00"
"585,Saanvi Saini,Mysuru,2025-10-18,08:48:47,17:09:55,0.85,200.00"
"586,Gopi Embranthiri,Bengaluru,2025-10-03,09:13:00,18:03:00,0.10,200.00"
"587,Rohan Balan,Hubballi,2025-10-19,08:40:41,18:35:10,0.35,300.00"
"588,Pihu Balakrishnan,Shivamogga,2025-10-05,09:05:50,17:47:33,0.60,250.00"
"589,Myra Saini,Mangaluru,2025-10-19,08:37:37,17:58:39,0.85,200.00"
"590,Saanvi Namboothiri,Shivamogga,2025-10-18,08:49:18,18:49:18,0.10,200.00"
"591,Anika Balakrishnan,Bengaluru,2025-10-17,09:49:55,18:53:39,0.35,300.00"
"592,Rohan Varma,Mangaluru,2025-10-04,09:45:26,17:15:28,0.60,200.00"
"593,Aarav Embranthiri,Mangaluru,2025-10-07,09:20:01,17:45:09,0.85,200.00"
"594,Nirav Embranthiri,Belagavi,2025-10-11,09:33:48,17:44:48,0.10,300.00"
"595,Rohan Cherian,Shivamogga,2025-10-08,09:31:01,17:22:50,0.35,200.00"
"596,Pari Ahuja,Hubballi,2025-10-13,08:58:20,18:22:42,0.60,150.00"
"597,Vivaan Namboothiri,Mangaluru,2025-10-05,09:47:33,18:58:05,0.85,300.00"
"598,Vihaan Kapoor,Shivamogga,2025-10-05,08:34:57,17:17:10,0.10,200.00"
"599,Arjun Balan,Bengaluru,2025-10-07,08:48:35,17:10:45,0.35,200.00"
"600,Aarav Zacharia,Mysuru,2025-10-16,09:02:11,18:16:05,0.60,200.00"
"601,Kabir Balan,Hubballi,2025-10-07,09:47:36,18:58:39,0.85,200.00"
"602,Saanvi Varma,Hubballi,2025-10-15,08:44:07,18:31:39,0.10,200.00"
"603,Mira Balakrishnan,Bengaluru,2025-10-16,09:05:32,18:05:40,0.35,300.00"
"604,Aarav Reddy,Mangaluru,2025-10-04,09:59:15,17:58:24,0.60,150.00"
"605,Rohan Ahuja,Mysuru,2025-10-07,09:23:43,18:03:00,0.85,200.00"
"606,Ishaan Balakrishnan,Hubballi,2025-10-11,09:35:54,17:58:02,0.10,200.00"
"607,Shanaya Reddy,Belagavi,2025-10-19,09:47:54,18:41:40,0.35,150.00"
"608,Miss Lakshmi Saini,Bengaluru,2025-10-16,08:30:19,17:34:16,0.60,300.00"
"609,Dev Balakrishnan,Belagavi,2025-10-09,08:33:57,18:43:08,0.85,200.00"
"610,Ishaan Namboothiri,Belagavi,2025-10-11,09:28:16,18:31:38,0.10,250.00"
"611,Pari Saini,Mysuru,2025-10-18,09:04:47,17:15:28,0.35,200.00"
"612,Gopi Pillai,Hubballi,2025-10-07,08:40:40,17:41:22,0.60,300.00"
"613,Kavita Balan,Bengaluru,2025-10-19,09:32:00,18:59:15,0.85,200.00"
"614,Pari Varma,Mysuru,2025-10-14,08:52:16,18:50:52,0.10,200.00"
"615,Aditi Balan,Bengaluru,2025-10-04,08:48:30,17:58:36,0.35,200.00"
"616,Anaya Iyengar,Shivamogga,2025-10-10,09:44:27,18:31:01,0.60,200.00"
"617,Devi Balan,Bengaluru,2025-10-12,08:52:19,17:09:55,0.85,200.00"
"618,Myra Varma,Mangaluru,2025-10-17,09:47:33,18:52:33,0.10,200.00"
"619,Krishna Saini,Mysuru,2025-10-08,08:31:56,17:02:47,0.35,200.00"
"620,Arnav Varma,Hubballi,2025-10-04,09:14:15,18:09:15,0.60,150.00"
"621,Rohan Balakrishnan,Belagavi,2025-10-10,09:12:12,18:00:23,0.85,200.00"
"622,Ananya Embranthiri,Shivamogga,2025-10-12,09:50:56,18:04:19,0.10,200.00"
"623,Myra Balan,Belagavi,2025-10-18,09:02:11,18:16:05,0.35,150.00"
"624,Vihaan Namboothiri,Bengaluru,2025-10-12,09:59:22,17:59:04,0.60,300.00"
"625,Arnav Varma,Bengaluru,2025-10-17,08:48:35,17:47:33,0.85,150.00"
"626,Shanaya Varma,Hubballi,2025-10-03,09:08:47,17:34:52,0.10,150.00"
"627,Kabir Mishra,Bengaluru,2025-10-05,09:27:14,18:22:42,0.35,200.00"
"628,Anaya Namboothiri,Bengaluru,2025-10-11,09:49:13,17:41:43,0.60,200.00"
"629,Pari Balakrishnan,Shivamogga,2025-10-03,09:13:00,18:49:12,0.85,200.00"
"630,Aarav Saini,Shivamogga,2025-10-07,09:47:33,18:31:39,0.10,200.00"
"631,Anaya Varma,Hubballi,2025-10-02,08:52:03,18:12:12,0.35,200.00"
"632,Anika Embranthiri,Shivamogga,2025-10-13,09:37:37,17:10:45,0.60,200.00"
"633,Anika Varma,Bengaluru,2025-10-12,09:33:48,17:28:43,0.85,200.00"
"634,Shanaya Pillai,Bengaluru,2025-10-17,09:50:06,18:16:21,0.10,150.00"
"635,Anika Deshpande,Mysuru,2025-10-15,08:44:07,17:09:23,0.35,150.00"
"636,Myra Saini,Mysuru,2025-10-11,09:19:24,18:18:24,0.60,200.00"
"637,Aarav Balan,Shivamogga,2025-10-08,09:47:54,18:26:07,0.85,200.00"
"638,Ishaan Varma,Bengaluru,2025-10-11,09:01:21,17:33:24,0.10,300.00"
"639,Vanya Reddy,Bengaluru,2025-10-12,09:49:55,18:11:47,0.35,300.00"
"640,Anika Balan,Hubballi,2025-10-13,08:51:24,18:07:31,0.60,150.00"
"641,Vihaan Reddy,Mysuru,2025-10-17,08:42:57,17:58:39,0.85,200.00"
"642,Divya Balakrishnan,Hubballi,2025-10-14,08:44:31,18:58:24,0.10,200.00"
"643,Aarav Namboothiri,Bengaluru,2025-10-03,09:21:49,17:46:17,0.35,200.00"
"644,Zara Reddy,Mysuru,2025-10-13,09:12:12,18:18:03,0.60,150.00"
"645,Gopi Varma,Bengaluru,2025-10-09,09:45:26,18:55:04,0.85,250.00"
"646,Arnav Balan,Hubballi,2025-10-02,08:49:18,17:28:34,0.10,200.00"
"647,Ishaan Balan,Belagavi,2025-10-10,09:41:07,17:01:21,0.35,300.00"
"648,Dr. Diya Singh,Mysuru,2025-10-12,08:40:40,17:15:33,0.60,200.00"
"649,Lakshmi Balan,Mysuru,2025-10-19,08:33:57,17:23:38,0.85,300.00"
"650,Pari Balakrishnan,Shivamogga,2025-10-14,09:35:54,17:22:42,0.10,200.00"
"651,Miss Anaya Balan,Belagavi,2025-10-14,09:47:33,18:31:39,0.35,150.00"
"652,Myra Saini,Mangaluru,2025-10-11,09:05:32,18:22:30,0.60,200.00"
"653,Anaya Balakrishnan,Bengaluru,2025-10-16,08:52:16,18:49:18,0.85,200.00"
"654,Dev Varma,Mysuru,2025-10-12,09:08:24,18:05:14,0.10,150.00"
"655,Anika Saini,Shivamogga,2025-10-10,08:35:49,17:58:36,0.35,300.00"
"656,Myra Saini,Mangaluru,2025-10-07,09:14:15,18:53:39,0.60,200.00"
"657,Anaya Balakrishnan,Bengaluru,2025-10-13,09:16:32,17:24:41,0.85,200.00"
"658,Vihaan Reddy,Hubballi,2025-10-18,09:32:00,18:03:00,0.10,200.00"
"659,Pari Varma,Hubballi,2025-10-03,09:59:15,17:05:40,0.35,200.00"
"660,Anaya Varma,Mangaluru,2025-10-09,08:58:20,17:34:16,0.60,150.00"
"661,Vivaan Embranthiri,Bengaluru,2025-10-16,09:47:04,17:41:22,0.85,200.00"
"662,Dev Saini,Bengaluru,2025-10-12,08:31:01,17:33:14,0.10,200.00"
"663,Reyansh Varma,Belagavi,2025-10-05,09:23:05,17:21:05,0.35,200.00"
"664,Anaya Varma,Hubballi,2025-10-11,09:44:59,17:24:29,0.60,200.00"
"665,Anika Saini,Bengaluru,2025-10-07,08:30:19,17:34:52,0.85,200.00"
"666,Anika Saini,Shivamogga,2025-10-09,09:20:25,18:23:43,0.10,300.00"
"667,Dev Varma,Mysuru,2025-10-17,09:06:40,18:19:12,0.35,150.00"
"668,Myra Reddy,Hubballi,2025-10-13,09:22:15,17:44:48,0.60,200.00"
"669,Anika Saini,Shivamogga,2025-10-09,08:52:19,18:56:59,0.85,300.00"
"670,Pari Varma,Hubballi,2025-10-04,09:56:56,18:58:02,0.10,200.00"
"671,Dev Varma,Mysuru,2025-10-06,09:55:53,17:33:41,0.35,150.00"
"672,Ananya Embranthiri,Shivamogga,2025-10-17,09:05:50,18:52:33,0.60,200.00"
"673,Anika Balakrishnan,Mysuru,2025-10-15,09:00:36,17:58:24,0.85,300.00"
"674,Anika Saini,Bengaluru,2025-10-11,09:47:33,18:22:42,0.10,200.00"
"675,Arnav Reddy,Bengaluru,2025-10-05,09:50:56,18:41:40,0.35,200.00"
"676,Arjun Reddy,Belagavi,2025-10-13,08:44:31,18:35:10,0.60,200.00"
"677,Vanya Saini,Hubballi,2025-10-17,09:49:13,18:31:01,0.85,200.00"
"678,Anaya Balakrishnan,Bengaluru,2025-10-17,08:45:51,18:40:48,0.10,200.00"
"679,Anaya Varma,Hubballi,2025-10-10,09:02:18,17:41:43,0.35,200.00"
"680,Vihaan Balan,Hubballi,2025-10-16,09:47:36,18:04:19,0.60,150.00"
"681,Vihaan Balan,Hubballi,2025-10-10,08:41:14,18:28:44,0.85,150.00"
"682,Reyansh Varma,Belagavi,2025-10-04,08:40:41,18:59:15,0.10,200.00"
"683,Vanya Saini,Hubballi,2025-10-18,08:52:43,18:58:24,0.35,200.00"
"684,Vihaan Balan,Hubballi,2025-10-09,08:51:24,18:49:12,0.60,150.00"
"685,Arjun Reddy,Belagavi,2025-10-19,09:33:04,18:02:44,0.85,200.00"
"686,Vivaan Saini,Mangaluru,2025-10-17,09:21:49,18:09:15,0.10,200.00"
"687,Anika Saini,Bengaluru,2025-10-12,08:48:30,17:15:28,0.35,200.00"
"688,Ananya Embranthiri,Shivamogga,2025-10-17,09:14:02,17:31:02,0.60,200.00"
"689,Anaya Varma,Hubballi,2025-10-14,08:48:35,17:28:10,0.85,200.00"
"690,Myra Saini,Mangaluru,2025-10-10,09:13:00,18:14:14,0.10,200.00"
"691,Myra Saini,Mangaluru,2025-10-14,08:35:54,17:22:50,0.35,200.00"
"692,Arjun Reddy,Belagavi,2025-10-08,08:46:17,17:47:33,0.60,200.00"
"693,Anaya Varma,Mangaluru,2025-10-16,09:01:21,17:17:10,0.85,150.00"
"694,Anaya Balakrishnan,Bengaluru,2025-10-09,09:37:37,17:33:24,0.10,200.00"
"695,Arnav Reddy,Bengaluru,2025-10-11,09:58:17,17:22:42,0.35,200.00"
"696,Myra Saini,Mangaluru,2025-10-11,09:58:05,18:31:39,0.60,200.00"
"697,Vivaan Saini,Mangaluru,2025-10-16,08:56:22,17:58:05,0.85,200.00"
"698,Dev Saini,Bengaluru,2025-10-14,09:07:37,18:44:03,0.10,200.00"
"699,Dev Saini,Bengaluru,2025-10-11,09:34:07,17:58:39,0.35,200.00"
"700,Vivaan Saini,Mangaluru,2025-10-10,08:52:16,18:43:08,0.60,200.00"
"701,Vihaan Balan,Hubballi,2025-10-11,09:28:16,18:55:04,0.85,150.00"
"702,Anika Balakrishnan,Mysuru,2025-10-06,09:27:14,18:26:07,0.10,300.00"
"703,Riya Varma,Shivamogga,2025-10-15,09:33:48,17:01:21,0.35,200.00"
"704,Gopi Varma,Bengaluru,2025-10-15,08:40:40,17:35:10,0.60,250.00"
"705,Vivaan Embranthiri,Bengaluru,2025-10-15,09:41:07,17:09:55,0.85,200.00"
"706,Anaya Varma,Mangaluru,2025-10-02,08:49:18,17:50:57,0.10,150.00"
"707,Arjun Reddy,Belagavi,2025-10-05,09:32:55,17:15:33,0.35,200.00"
"708,Dev Saini,Belagavi,2025-10-10,08:44:02,17:10:04,0.60,200.00"
"709,Reyansh Varma,Belagavi,2025-10-09,09:08:47,18:49:18,0.85,200.00"
"710,Vivaan Embranthiri,Bengaluru,2025-10-05,09:12:43,18:58:39,0.10,200.00"
"711,Anika Saini,Bengaluru,2025-10-17,09:51:30,17:28:43,0.35,200.00"
"712,Pari Saini,Mysuru,2025-10-18,08:42:15,18:05:40,0.60,200.00"
"713,Myra Reddy,Hubballi,2025-10-13,09:02:11,18:00:23,0.85,200.00"
"714,Dev Varma,Mysuru,2025-10-18,08:48:47,18:24:29,0.10,150.00"
"715,Anaya Varma,Mangaluru,2025-10-05,08:31:56,17:22:50,0.35,150.00"
"716,Pari Varma,Hubballi,2025-10-18,09:38:52,18:06:55,0.60,200.00"
"717,Anika Saini,Shivamogga,2025-10-02,09:46:18,17:34:52,0.85,300.00"
"718,Anaya Balakrishnan,Bengaluru,2025-10-17,08:33:57,17:09:03,0.10,200.00"
"719,Arjun Reddy,Belagavi,2025-10-08,09:10:45,17:09:23,0.35,200.00"
"720,Arjun Reddy,Belagavi,2025-10-04,09:19:24,18:58:05,0.60,200.00"
"721,Vihaan Reddy,Hubballi,2025-10-05,09:23:43,18:11:47,0.85,200.00"
"722,Anaya Varma,Hubballi,2025-10-14,09:47:54,18:18:24,0.10,200.00"
"723,Vihaan Balan,Hubballi,2025-10-04,08:34:57,17:28:34,0.35,150.00"
"724,Arnav Reddy,Bengaluru,2025-10-11,09:30:11,18:38:29,0.60,200.00"
"725,Anika Balakrishnan,Mysuru,2025-10-13,08:49:57,18:50:52,0.85,300.00"
"726,Miss Anaya Balan,Belagavi,2025-10-07,09:49:55,18:16:05,0.10,150.00"
"727,Anika Saini,Shivamogga,2025-10-14,08:48:35,17:16:21,0.35,300.00"
"728,Ananya Embranthiri,Shivamogga,2025-10-04,09:00:36,17:15:28,0.60,200.00"
"729,Vivaan Embranthiri,Bengaluru,2025-10-03,09:50:06,17:41:19,0.85,200.00"
"730,Gopi Varma,Bengaluru,2025-10-18,08:40:41,18:07:31,0.10,250.00"
"731,Anika Saini,Bengaluru,2025-10-03,09:04:12,17:02:47,0.35,200.00"
"732,Dev Saini,Belagavi,2025-10-09,09:45:00,18:44:27,0.60,200.00"
"733,Reyansh Varma,Belagavi,2025-10-13,09:20:01,17:49:25,0.85,200.00"
"734,Dev Saini,Belagavi,2025-10-09,09:32:00,18:43:08,0.10,200.00"
"735,Myra Saini,Mangaluru,2025-10-13,08:52:16,18:18:03,0.35,200.00"
"736,Myra Saini,Mangaluru,2025-10-13,08:58:08,17:05:40,0.60,200.00"
"737,Dev Saini,Bengaluru,2025-10-09,09:26:07,17:10:45,0.85,200.00"
"738,Ananya Embranthiri,Shivamogga,2025-10-09,09:59:22,17:45:09,0.10,200.00"
"739,Myra Saini,Mangaluru,2025-10-12,08:44:07,17:23:38,0.35,200.00"
"740,Dev Saini,Bengaluru,2025-10-06,09:52:10,18:22:42,0.60,200.00"
"741,Anika Saini,Shivamogga,2025-10-19,09:13:20,17:33:24,0.85,300.00"
"742,Dev Saini,Belagavi,2025-10-07,09:56:09,18:59:15,0.10,200.00"
"743,Vivaan Embranthiri,Bengaluru,2025-10-14,08:41:49,17:28:34,0.35,200.00"
"744,Reyansh Varma,Belagavi,2025-10-15,09:47:33,18:31:38,0.60,200.00"
"745,Anika Saini,Bengaluru,2025-10-16,08:33:04,17:20:29,0.85,200.00"
"746,Dev Varma,Mysuru,2025-10-13,09:02:18,17:30:17,0.10,150.00"
"747,Anika Saini,Shivamogga,2025-10-11,09:31:01,18:03:00,0.35,300.00"
"748,Vanya Saini,Hubballi,2025-10-17,09:04:47,18:53:39,0.60,200.00"
"749,Dev Varma,Mysuru,2025-10-06,09:58:50,17:22:42,0.85,150.00"
"750,Anika Saini,Shivamogga,2025-10-03,09:44:27,18:49:12,0.10,300.00"
"751,Anika Saini,Shivamogga,2025-10-17,09:12:12,18:58:24,0.35,300.00"
"752,Vivaan Saini,Mangaluru,2025-10-04,08:42:57,17:59:04,0.60,200.00"
"753,Pari Saini,Mysuru,2025-10-09,09:14:15,18:19:12,0.85,200.00"
"754,Anaya Balakrishnan,Bengaluru,2025-10-16,09:50:56,18:52:33,0.10,200.00"
"755,Arnav Reddy,Bengaluru,2025-10-10,09:20:25,18:22:30,0.35,200.00"
"756,Myra Saini,Mangaluru,2025-10-10,08:30:19,17:21:05,0.60,200.00"
"757,Arjun Reddy,Belagavi,2025-10-09,09:45:26,17:41:43,0.85,200.00"
"758,Anika Saini,Bengaluru,2025-10-08,08:44:07,17:15:28,0.10,200.00"
"759,Vihaan Reddy,Hubballi,2025-10-10,09:05:32,18:16:21,0.35,200.00"
"760,Anaya Varma,Hubballi,2025-10-17,09:59:40,18:14:14,0.60,200.00"
"761,Anaya Varma,Mangaluru,2025-10-03,09:07:37,18:26:07,0.85,150.00"
"762,Ananya Embranthiri,Shivamogga,2025-10-06,08:35:54,17:10:45,0.10,200.00"
"763,Anika Saini,Bengaluru,2025-10-07,09:33:04,18:02:44,0.35,200.00"
"764,Riya Varma,Shivamogga,2025-10-17,09:35:54,17:28:34,0.60,200.00"
"765,Arnav Reddy,Bengaluru,2025-10-17,09:22:15,17:09:55,0.85,200.00"
"766,Vihaan Balan,Hubballi,2025-10-18,09:44:27,18:31:39,0.10,150.00"
"767,Anika Saini,Bengaluru,2025-10-09,09:12:43,18:05:14,0.35,200.00"
"768,Vanya Saini,Hubballi,2025-10-08,09:02:11,17:58:36,0.60,200.00"
"769,Vihaan Balan,Hubballi,2025-10-12,08:49:57,17:34:16,0.85,150.00"
"770,Ananya Embranthiri,Shivamogga,2025-10-18,09:47:33,18:22:50,0.10,200.00"
"771,Pari Saini,Mysuru,2025-10-10,08:45:51,18:50:52,0.35,200.00"
"772,Anaya Varma,Mangaluru,2025-10-18,09:49:13,18:58:39,0.60,150.00"
"773,Anika Saini,Bengaluru,2025-10-15,08:44:02,17:24:29,0.85,200.00"
"774,Riya Varma,Shivamogga,2025-10-17,08:52:16,18:55:04,0.10,200.00"
"775,Gopi Varma,Bengaluru,2025-10-15,08:42:57,17:59:04,0.35,250.00"
"776,Ananya Embranthiri,Shivamogga,2025-10-18,09:30:11,18:09:15,0.60,200.00"
"777,Dev Varma,Mysuru,2025-10-08,09:05:50,17:28:10,0.85,150.00"
"778,Vivaan Embranthiri,Bengaluru,2025-10-18,09:16:32,17:01:21,0.10,200.00"
"779,Anika Saini,Bengaluru,2025-10-18,09:56:56,18:18:03,0.35,200.00"
"780,Myra Saini,Mangaluru,2025-10-12,08:58:08,18:28:44,0.60,200.00"
"781,Vivaan Saini,Mangaluru,2025-10-09,09:21:49,18:31:38,0.85,200.00"
"782,Riya Varma,Shivamogga,2025-10-06,08:52:19,17:41:22,0.10,200.00"
"783,Pari Saini,Mysuru,2025-10-12,09:59:15,18:05:40,0.35,200.00"
"784,Vihaan Balan,Hubballi,2025-10-08,08:31:56,17:34:52,0.60,150.00"
"785,Vivaan Embranthiri,Bengaluru,2025-10-07,08:41:49,17:01:21,0.85,200.00"
"786,Gopi Varma,Bengaluru,2025-10-09,09:04:12,17:02:47,0.10,250.00"
"787,Reyansh Varma,Belagavi,2025-10-02,09:08:24,18:43:08,0.35,200.00"
"788,Dev Saini,Belagavi,2025-10-14,08:56:22,17:46:17,0.60,200.00"
"789,Anaya Balakrishnan,Bengaluru,2025-10-11,09:52:10,18:58:24,0.85,200.00"
"790,Myra Saini,Mangaluru,2025-10-15,08:49:18,17:58:39,0.10,200.00"
"791,Anika Saini,Shivamogga,2025-10-10,09:47:36,18:44:27,0.35,300.00"
"792,Vivaan Saini,Mangaluru,2025-10-13,09:14:02,17:16:05,0.60,200.00"
"793,Vanya Saini,Hubballi,2025-10-13,08:52:16,18:56:59,0.85,200.00"
"794,Anaya Balakrishnan,Bengaluru,2025-10-10,08:37:24,17:58:05,0.10,200.00"
"795,Myra Saini,Mangaluru,2025-10-17,09:51:30,17:28:43,0.35,200.00"
"796,Myra Saini,Mangaluru,2025-10-12,08:48:47,18:18:24,0.60,200.00"
"797,Myra Reddy,Hubballi,2025-10-14,08:52:03,17:58:24,0.85,200.00"
"798,Arnav Reddy,Bengaluru,2025-10-13,08:33:57,17:24:41,0.10,200.00"
"799,Dev Varma,Mysuru,2025-10-02,08:44:31,18:12:12,0.35,150.00"
"800,Vihaan Balan,Hubballi,2025-10-09,09:30:17,17:23:38,0.60,150.00"
"801,Anika Saini,Bengaluru,2025-10-19,09:44:27,17:15:33,0.85,200.00"
"802,Pari Saini,Mysuru,2025-10-11,09:02:18,17:09:55,0.10,200.00"
"803,Vihaan Reddy,Hubballi,2025-10-15,08:48:30,17:41:43,0.35,200.00"
"804,Arnav Reddy,Bengaluru,2025-10-13,09:12:12,17:50:57,0.60,200.00"
"805,Dev Varma,Mysuru,2025-10-14,09:37:37,17:34:16,0.85,150.00"
"806,Dev Saini,Belagavi,2025-10-10,09:19:24,18:59:15,0.10,200.00"
"807,Anaya Varma,Hubballi,2025-10-08,09:28:16,18:31:01,0.35,200.00"
"808,Dev Saini,Bengaluru,2025-10-03,09:27:14,18:58:02,0.60,200.00"
"809,Myra Saini,Mangaluru,2025-10-19,08:51:24,18:16:21,0.85,200.00"
"810,Vivaan Saini,Mangaluru,2025-10-13,09:22:15,18:31:39,0.10,200.00"
"811,Anaya Varma,Mangaluru,2025-10-19,09:47:04,17:15:28,0.35,150.00"
"812,Myra Saini,Mangaluru,2025-10-06,08:42:15,18:49:18,0.60,200.00"
"813,Reyansh Varma,Belagavi,2025-10-10,09:01:21,17:22:50,0.85,200.00"
"814,Anika Saini,Shivamogga,2025-10-16,09:58:17,17:49:25,0.10,300.00"
"815,Vihaan Reddy,Hubballi,2025-10-16,08:41:14,17:44:48,0.35,200.00"
"816,Anika Saini,Bengaluru,2025-10-10,09:13:00,18:05:40,0.60,200.00"
"817,Anika Saini,Bengaluru,2025-10-19,09:32:00,18:04:19,0.85,200.00"
"818,Anaya Balakrishnan,Bengaluru,2025-10-11,08:46:17,17:35:10,0.10,200.00"
"819,Anika Saini,Shivamogga,2025-10-09,08:52:19,17:10:45,0.35,300.00"
"820,Vanya Saini,Hubballi,2025-10-05,09:05:32,18:37:37,0.60,200.00"
"821,Myra Reddy,Hubballi,2025-10-02,08:35:49,17:20:29,0.85,200.00"
"822,Pari Varma,Hubballi,2025-10-12,09:49:55,18:22:30,0.10,200.00"
"823,Vivaan Embranthiri,Bengaluru,2025-10-07,08:40:40,17:09:03,0.35,200.00"
"824,Vivaan Embranthiri,Bengaluru,2025-10-03,09:02:11,18:03:00,0.60,200.00"
"825,Myra Saini,Mangaluru,2025-10-15,08:37:37,17:58:39,0.85,200.00"
"826,Reyansh Varma,Belagavi,2025-10-14,08:33:04,18:40:48,0.10,200.00"
"827,Vivaan Embranthiri,Bengaluru,2025-10-10,08:58:20,17:09:23,0.35,200.00"
"828,Gopi Varma,Bengaluru,2025-10-17,09:45:00,18:22:42,0.60,250.00"
"829,Dev Saini,Belagavi,2025-10-06,09:12:43,18:18:03,0.85,200.00"
"830,Anika Saini,Bengaluru,2025-10-03,08:52:43,18:50:52,0.10,200.00"
"831,Anika Saini,Shivamogga,2025-10-10,09:47:33,18:31:38,0.35,300.00"
"832,Ananya Embranthiri,Shivamogga,2025-10-10,08:49:57,17:33:14,0.60,200.00"
"833,Vivaan Saini,Mangaluru,2025-10-12,09:04:47,17:34:52,0.85,200.00"
"834,Ananya Embranthiri,Shivamogga,2025-10-10,09:26:07,17:16:05,0.10,200.00"
"835,Dev Saini,Belagavi,2025-10-04,09:23:43,17:33:41,0.35,200.00"
"836,Dev Saini,Belagavi,2025-10-10,08:31:01,17:28:34,0.60,200.00"
"837,Myra Saini,Mangaluru,2025-10-11,09:47:33,18:23:43,0.85,200.00"
"838,Vihaan Reddy,Hubballi,2025-10-19,09:08:24,18:49:12,0.10,200.00"
"839,Dev Saini,Bengaluru,2025-10-18,09:30:11,18:07:31,0.35,200.00"
"840,Pari Varma,Hubballi,2025-10-15,08:44:07,18:53:39,0.60,200.00"
"841,Arjun Reddy,Belagavi,2025-10-19,09:47:54,18:52:33,0.85,200.00"
"842,Myra Saini,Mangaluru,2025-10-06,09:41:07,18:00:23,0.10,200.00"
"843,Arnav Reddy,Bengaluru,2025-10-14,09:14:15,18:06:55,0.35,200.00"
"844,Anika Saini,Shivamogga,2025-10-04,08:34:57,17:58:36,0.60,300.00"
"845,Gopi Varma,Bengaluru,2025-10-02,09:20:01,17:21:05,0.85,250.00"
"846,Anaya Varma,Hubballi,2025-10-15,09:33:48,17:41:19,0.10,200.00"
"847,Anaya Varma,Mangaluru,2025-10-08,09:58:05,18:19:12,0.35,150.00"
"848,Arjun Reddy,Belagavi,2025-10-10,09:50:06,17:10:04,0.60,200.00"
"849,Vihaan Balan,Hubballi,2025-10-03,08:35:54,17:24:29,0.85,150.00"
"850,Anika Saini,Bengaluru,2025-10-17,08:48:35,17:58:02,0.10,200.00"
"851,Anaya Balakrishnan,Bengaluru,2025-10-03,09:12:12,18:05:14,0.35,200.00"
"852,Dev Saini,Belagavi,2025-10-17,09:05:50,18:26:07,0.60,200.00"
"853,Anaya Balakrishnan,Bengaluru,2025-10-18,09:07:37,17:01:21,0.85,200.00"
"854,Myra Reddy,Hubballi,2025-10-05,09:47:04,18:44:03,0.10,200.00"
"855,Anaya Balakrishnan,Bengaluru,2025-10-04,09:50:56,17:28:43,0.35,200.00"
"856,Vihaan Balan,Hubballi,2025-10-19,09:13:20,17:47:33,0.60,150.00"
"857,Anika Saini,Bengaluru,2025-10-18,08:42:15,18:22:50,0.85,200.00"
"858,Myra Saini,Mangaluru,2025-10-09,08:30:19,17:30:17,0.10,200.00"
"859,Pari Saini,Mysuru,2025-10-06,09:56:56,18:22:42,0.35,200.00"
"860,Anika Balakrishnan,Mysuru,2025-10-06,09:45:26,17:22:42,0.60,300.00"
"861,Dev Saini,Bengaluru,2025-10-16,09:46:18,17:15:33,0.85,200.00"
"862,Vivaan Saini,Mangaluru,2025-10-09,08:52:16,18:02:44,0.10,200.00"
"863,Vivaan Saini,Mangaluru,2025-10-17,09:14:15,18:58:24,0.35,200.00"
"864,Anika Saini,Shivamogga,2025-10-18,09:04:12,17:58:39,0.60,300.00"
"865,Vivaan Embranthiri,Bengaluru,2025-10-17,09:20:25,18:41:40,0.85,200.00"
"866,Anaya Varma,Mangaluru,2025-10-15,08:40:41,17:09:55,0.10,150.00"
"867,Pari Saini,Mysuru,2025-10-16,09:06:40,17:05:40,0.35,200.00"
"868,Arjun Reddy,Belagavi,2025-10-15,09:23:43,18:44:27,0.60,200.00"
"869,Arjun Reddy,Belagavi,2025-10-14,08:45:51,18:31:39,0.85,200.00"
"870,Arnav Reddy,Bengaluru,2025-10-11,09:55:53,17:41:22,0.10,200.00"
"871,Anika Saini,Bengaluru,2025-10-07,08:58:20,17:45:09,0.35,200.00"
"872,Reyansh Varma,Belagavi,2025-10-14,09:47:33,18:24:29,0.60,200.00"
"873,Ananya Embranthiri,Shivamogga,2025-10-07,09:12:43,18:59:15,0.85,200.00"
"874,Pari Saini,Mysuru,2025-10-10,09:16:32,17:16:21,0.10,200.00"
"875,Anika Balakrishnan,Mysuru,2025-10-18,08:44:02,17:58:39,0.35,300.00"
"876,Anika Saini,Shivamogga,2025-10-11,09:59:40,17:58:05,0.60,300.00"
"877,Arnav Reddy,Bengaluru,2025-10-02,09:08:47,17:09:23,0.85,200.00"
"878,Dev Varma,Mysuru,2025-10-04,08:41:49,18:49:18,0.10,150.00"
"879,Dev Varma,Mysuru,2025-10-15,09:49:13,17:41:43,0.35,150.00"
"880,Arjun Reddy,Belagavi,2025-10-12,09:21:49,17:28:34,0.60,200.00"
"881,Reyansh Varma,Belagavi,2025-10-19,09:58:50,17:09:03,0.85,200.00"
"882,Vanya Saini,Hubballi,2025-10-15,09:33:04,18:11:47,0.10,200.00"
"883,Myra Reddy,Hubballi,2025-10-10,09:44:59,18:31:38,0.35,200.00"
"884,Anaya Balakrishnan,Bengaluru,2025-10-11,09:30:17,17:23:38,0.60,200.00"
"885,Anaya Varma,Mangaluru,2025-10-17,08:48:35,17:44:48,0.85,150.00"
"886,Vivaan Embranthiri,Bengaluru,2025-10-13,09:00:36,18:16:05,0.10,200.00"
"887,Reyansh Varma,Belagavi,2025-10-13,08:52:19,17:10:04,0.35,200.00"
"888,Vivaan Embranthiri,Bengaluru,2025-10-05,09:56:09,18:22:30,0.60,200.00"
"889,Vihaan Balan,Hubballi,2025-10-11,08:44:31,18:41:40,0.85,150.00"
"890,Anika Saini,Bengaluru,2025-10-09,09:02:11,18:31:01,0.10,200.00"
"891,Vanya Saini,Hubballi,2025-10-13,08:49:18,17:24:41,0.35,200.00"
"892,Anika Saini,Bengaluru,2025-10-16,09:59:22,18:50:52,0.60,200.00"
"893,Vihaan Reddy,Hubballi,2025-10-09,08:40:41,18:35:10,0.85,200.00"
"894,Myra Saini,Mangaluru,2025-10-15,09:45:26,17:15:33,0.10,200.00"
"895,Myra Reddy,Hubballi,2025-10-14,09:34:07,17:34:16,0.35,200.00"
"896,Pari Varma,Hubballi,2025-10-18,08:42:57,17:58:24,0.60,200.00"
"897,Anaya Balakrishnan,Bengaluru,2025-10-14,08:31:56,18:14:14,0.85,200.00"
"898,Arjun Reddy,Belagavi,2025-10-13,09:20:01,17:02:47,0.10,200.00"
"899,Myra Reddy,Hubballi,2025-10-08,09:12:12,18:49:12,0.35,200.00"
"900,Vihaan Balan,Hubballi,2025-10-08,09:05:32,17:17:10,0.60,150.00"
"901,Anika Saini,Shivamogga,2025-10-11,09:04:47,17:28:43,0.85,300.00"
"902,Anika Saini,Bengaluru,2025-10-10,08:52:16,18:31:39,0.10,200.00"
"903,Anika Balakrishnan,Mysuru,2025-10-11,09:47:33,18:05:14,0.35,300.00"
"904,Arjun Reddy,Belagavi,2025-10-04,08:44:07,17:33:41,0.60,200.00"
"905,Ananya Embranthiri,Shivamogga,2025-10-19,08:45:51,18:00:23,0.85,200.00"
"906,Myra Saini,Mangaluru,2025-10-11,09:01:21,17:59:04,0.10,200.00"
"907,Anika Saini,Bengaluru,2025-10-08,09:23:43,18:09:15,0.35,200.00"
"908,Vanya Saini,Hubballi,2025-10-05,09:00:36,17:22:42,0.60,200.00"
"909,Myra Reddy,Hubballi,2025-10-14,08:42:15,18:22:50,0.85,200.00"
"910,Dev Saini,Bengaluru,2025-10-15,08:48:30,17:41:22,0.10,200.00"
"911,Arjun Reddy,Belagavi,2025-10-09,08:35:49,17:34:52,0.35,200.00"
"912,Reyansh Varma,Belagavi,2025-10-14,09:56:56,17:28:34,0.60,200.00"
"913,Anaya Varma,Mangaluru,2025-10-10,09:20:25,18:05:40,0.85,150.00"
"914,Myra Reddy,Hubballi,2025-10-08,08:37:24,18:58:36,0.10,200.00"
"915,Anaya Varma,Mangaluru,2025-10-09,09:59:15,18:12:12,0.35,150.00"
"916,Vihaan Reddy,Hubballi,2025-10-16,09:32:55,17:21:05,0.60,200.00"
"917,Myra Saini,Mangaluru,2025-10-12,09:49:55,18:22:30,0.85,200.00"
"918,Dev Saini,Bengaluru,2025-10-07,08:51:24,18:02:44,0.10,200.00"
"919,Myra Reddy,Hubballi,2025-10-19,09:02:18,17:15:28,0.35,200.00"
"920,Anika Saini,Bengaluru,2025-10-16,08:44:07,17:58:05,0.60,200.00"
"921,Reyansh Varma,Belagavi,2025-10-09,09:10:45,17:47:33,0.85,200.00"
"922,Gopi Varma,Bengaluru,2025-10-17,09:28:16,18:23:43,0.10,250.00"
"923,Anika Saini,Bengaluru,2025-10-06,09:14:15,18:49:12,0.35,200.00"
"924,Reyansh Varma,Belagavi,2025-10-13,09:27:14,18:07:31,0.60,200.00"
"925,Vihaan Balan,Hubballi,2025-10-16,09:47:36,17:24:29,0.85,150.00"
"926,Arnav Reddy,Bengaluru,2025-10-11,09:51:30,17:16:21,0.10,200.00"
"927,Myra Reddy,Hubballi,2025-10-19,09:31:01,17:41:19,0.35,200.00"
"928,Anaya Varma,Mangaluru,2025-10-09,09:05:50,18:50:52,0.60,150.00"
"929,Myra Reddy,Hubballi,2025-10-19,08:31:01,17:28:10,0.85,200.00"
"930,Myra Saini,Mangaluru,2025-10-10,08:35:54,18:03:00,0.10,200.00"
"931,Dev Saini,Bengaluru,2025-10-11,09:35:54,17:16:05,0.35,200.00"
"932,Anika Saini,Bengaluru,2025-10-13,09:19:24,18:28:44,0.60,200.00"
"933,Dev Saini,Bengaluru,2025-10-16,08:41:49,18:58:24,0.85,200.00"
"934,Vivaan Saini,Mangaluru,2025-10-07,09:02:11,17:10:45,0.10,200.00"
"935,Pari Saini,Mysuru,2025-10-12,08:30:19,17:20:29,0.35,200.00"
"936,Anika Saini,Shivamogga,2025-10-13,09:33:04,18:43:08,0.60,300.00"
"937,Pari Saini,Mysuru,2025-10-18,08:48:35,17:46:17,0.85,200.00"
"938,Anaya Balakrishnan,Bengaluru,2025-10-10,09:22:15,18:31:39,0.10,200.00"
"939,Arnav Reddy,Bengaluru,2025-10-08,09:07:37,17:01:21,0.35,200.00"
"940,Anika Saini,Shivamogga,2025-10-16,08:33:57,17:33:24,0.60,300.00"
"941,Vivaan Saini,Mangaluru,2025-10-06,09:59:22,18:22:42,0.85,200.00"
"942,Anaya Balakrishnan,Bengaluru,2025-10-19,09:58:05,18:49:18,0.10,200.00"
"943,Ananya Embranthiri,Shivamogga,2025-10-12,08:40:41,18:00:23,0.35,200.00"
"944,Pari Saini,Mysuru,2025-10-16,09:13:00,18:04:19,0.60,200.00"
"945,Vivaan Saini,Mangaluru,2025-10-11,09:04:12,17:22:50,0.85,200.00"
"946,Vanya Saini,Hubballi,2025-10-18,08:52:43,18:38:29,0.10,200.00"
"947,Vivaan Saini,Mangaluru,2025-10-05,09:08:24,17:24:41,0.35,200.00"
"948,Myra Saini,Mangaluru,2025-10-15,08:58:08,18:18:24,0.60,200.00"
"949,Anaya Balakrishnan,Bengaluru,2025-10-06,09:47:33,18:55:04,0.85,200.00"
"950,Arnav Reddy,Bengaluru,2025-10-16,09:50:06,18:40:48,0.10,200.00"
"951,Anika Saini,Shivamogga,2025-10-18,08:49:18,17:41:43,0.35,300.00"
"952,Vivaan Saini,Mangaluru,2025-10-06,09:32:00,18:59:15,0.60,200.00"
"953,Vihaan Balan,Hubballi,2025-10-05,09:20:01,17:58:39,0.85,150.00"
"954,Vanya Saini,Hubballi,2025-10-04,09:47:54,18:53:39,0.10,200.00"
"955,Anaya Balakrishnan,Bengaluru,2025-10-14,08:52:19,17:09:55,0.35,200.00"
"956,Vivaan Saini,Mangaluru,2025-10-02,09:44:27,17:58:24,0.60,200.00"
"957,Arjun Reddy,Belagavi,2025-10-19,09:44:59,18:05:14,0.85,200.00"
"958,Anika Saini,Bengaluru,2025-10-16,09:23:43,18:16:21,0.10,200.00"
"959,Dev Saini,Bengaluru,2025-10-13,09:14:15,18:31:39,0.35,200.00"
"960,Vivaan Saini,Mangaluru,2025-10-06,09:30:11,18:52:33,0.60,200.00"
"961,Myra Reddy,Hubballi,2025-10-14,09:59:40,17:09:03,0.85,200.00"
"962,Dev Saini,Bengaluru,2025-10-05,09:45:00,18:56:59,0.10,200.00"
"963,Vihaan Reddy,Hubballi,2025-10-07,09:49:13,17:15:33,0.35,200.00"
"964,Vihaan Balan,Hubballi,2025-10-19,08:44:31,18:16:05,0.60,150.00"
"965,Myra Saini,Mangaluru,2025-10-03,09:12:12,18:49:12,0.85,200.00"
"966,Reyansh Varma,Belagavi,2025-10-19,08:52:03,17:09:23,0.10,200.00"
"967,Anika Saini,Shivamogga,2025-10-17,09:13:20,17:22:42,0.35,300.00"
"968,Anaya Varma,Mangaluru,2025-10-19,09:47:33,18:05:40,0.60,150.00"
"969,Vivaan Embranthiri,Bengaluru,2025-10-14,08:40:40,17:28:43,0.85,200.00"
"970,Anika Saini,Shivamogga,2025-10-17,09:20:25,18:19:12,0.10,300.00"
"971,Vanya Saini,Hubballi,2025-10-13,09:37:37,17:34:16,0.35,200.00"
"972,Anika Saini,Bengaluru,2025-10-06,08:31:56,18:58:05,0.60,200.00"
"973,Vivaan Saini,Mangaluru,2025-10-07,09:52:10,18:31:38,0.85,200.00"
"974,Dev Varma,Mysuru,2025-10-17,08:56:22,17:33:14,0.10,150.00"
"975,Reyansh Varma,Belagavi,2025-10-19,08:48:30,17:33:41,0.35,200.00"
"976,Anaya Varma,Hubballi,2025-10-02,09:50:56,18:31:01,0.60,200.00"
"977,Vanya Saini,Hubballi,2025-10-03,08:58:20,17:41:43,0.85,200.00"
"978,Myra Saini,Mangaluru,2025-10-05,09:26:07,17:01:21,0.10,200.00"
"979,Vihaan Reddy,Hubballi,2025-10-03,09:45:26,17:58:39,0.35,200.00"
"980,Anaya Varma,Mangaluru,2025-10-13,09:12:43,18:59:15,0.60,150.00"
"981,Vivaan Saini,Mangaluru,2025-10-14,09:32:00,18:41:40,0.85,200.00"
"982,Dev Saini,Belagavi,2025-10-18,08:42:57,17:15:28,0.10,200.00"
"983,Vanya Saini,Hubballi,2025-10-12,09:14:15,18:02:44,0.35,200.00"
"984,Anaya Balakrishnan,Bengaluru,2025-10-02,08:49:57,17:02:47,0.60,200.00"
"985,Pari Saini,Mysuru,2025-10-11,09:05:32,18:44:27,0.85,200.00"
"986,Vanya Saini,Hubballi,2025-10-18,08:45:51,18:43:08,0.10,200.00"
"987,Anika Saini,Bengaluru,2025-10-08,09:33:04,18:50:52,0.35,200.00"
"988,Pari Varma,Hubballi,2025-10-06,09:23:05,17:28:43,0.60,200.00"
"989,Vihaan Reddy,Hubballi,2025-10-10,09:16:32,17:58:24,0.85,200.00"
"990,Vanya Saini,Hubballi,2025-10-11,08:35:54,17:10:45,0.10,200.00"
"991,Pari Varma,Hubballi,2025-10-04,09:56:56,18:22:42,0.35,200.00"
"992,Vihaan Balan,Hubballi,2025-10-07,09:02:11,18:58:05,0.60,150.00"
"993,Myra Reddy,Hubballi,2025-10-02,09:12:12,18:11:47,0.85,200.00"
"994,Arnav Reddy,Bengaluru,2025-10-05,08:44:07,18:06:55,0.10,200.00"
"995,Myra Reddy,Hubballi,2025-10-13,08:48:47,17:49:25,0.35,200.00"
"996,Anaya Balakrishnan,Bengaluru,2025-10-11,09:59:15,18:05:14,0.60,200.00"
"997,Myra Reddy,Hubballi,2025-10-11,09:00:36,18:55:04,0.85,200.00"
"998,Arnav Reddy,Bengaluru,2025-10-16,09:47:33,18:44:03,0.10,200.00"
"999,Vanya Saini,Hubballi,2025-10-15,08:33:04,17:17:10,0.35,200.00"
"1000,Anaya Balakrishnan,Bengaluru,2025-10-15,08:40:40,17:33:24,0.60,200.00"
